Using pre-set license
Built from '2020.3/staging' branch; Version is '2020.3.45f1 (660cd1701bd5) revision 6687953'; Using compiler version '192528614'; Build Type 'Release'
OS: 'Windows 11  (10.0.26100) 64bit Core' Language: 'ko' Physical Memory: 31864 MB
BatchMode: 1, IsHumanControllingUs: 0, StartBugReporterOnCrash: 0, Is64bit: 1, IsPro: 0

COMMAND LINE ARGUMENTS:
C:\Program Files\Unity\Hub\Editor\2020.3.45f1\Editor\Unity.exe
-adb2
-batchMode
-noUpm
-name
AssetImportWorker0
-projectPath
C:/Users/CHA/Desktop/GameProgramming-Project-3D-main/Team Project 3D
-logFile
Logs/AssetImportWorker0.log
-srvPort
9824
Successfully changed project path to: C:/Users/CHA/Desktop/GameProgramming-Project-3D-main/Team Project 3D
C:/Users/CHA/Desktop/GameProgramming-Project-3D-main/Team Project 3D
Using Asset Import Pipeline V2.
Player connection [31200] Host "[IP] 192.168.0.2 [Port] 3221444320 [Flags] 2 [Guid] 2701791009 [EditorId] 2701791009 [Version] 1048832 [Id] WindowsEditor(7,DESKTOP-OBA26N4) [Debug] 1 [PackageName] WindowsEditor [ProjectName] Editor" joined multi-casting on [225.0.0.222:54997]...

Player connection [31200] Host "[IP] 192.168.0.2 [Port] 3221444320 [Flags] 2 [Guid] 2701791009 [EditorId] 2701791009 [Version] 1048832 [Id] WindowsEditor(7,DESKTOP-OBA26N4) [Debug] 1 [PackageName] WindowsEditor [ProjectName] Editor" joined alternative multi-casting on [225.0.0.222:34997]...

Refreshing native plugins compatible for Editor in 29.32 ms, found 2 plugins.
Preloading 0 native plugins for Editor in 0.00 ms.
Initialize engine version: 2020.3.45f1 (660cd1701bd5)
[Subsystems] Discovering subsystems at path C:/Program Files/Unity/Hub/Editor/2020.3.45f1/Editor/Data/Resources/UnitySubsystems
[Subsystems] Discovering subsystems at path C:/Users/CHA/Desktop/GameProgramming-Project-3D-main/Team Project 3D/Assets
GfxDevice: creating device client; threaded=0
Direct3D:
    Version:  Direct3D 11.0 [level 11.1]
    Renderer: NVIDIA GeForce RTX 4070 SUPER (ID=0x2783)
    Vendor:   
    VRAM:     11999 MB
    Driver:   32.0.15.7680
Initialize mono
Mono path[0] = 'C:/Program Files/Unity/Hub/Editor/2020.3.45f1/Editor/Data/Managed'
Mono path[1] = 'C:/Program Files/Unity/Hub/Editor/2020.3.45f1/Editor/Data/MonoBleedingEdge/lib/mono/unityjit'
Mono config path = 'C:/Program Files/Unity/Hub/Editor/2020.3.45f1/Editor/Data/MonoBleedingEdge/etc'
Using monoOptions --debugger-agent=transport=dt_socket,embedding=1,server=y,suspend=n,address=127.0.0.1:56452
Begin MonoManager ReloadAssembly
Registering precompiled unity dll's ...
Register platform support module: C:/Program Files/Unity/Hub/Editor/2020.3.45f1/Editor/Data/PlaybackEngines/WindowsStandaloneSupport/UnityEditor.WindowsStandalone.Extensions.dll
Registered in 0.001180 seconds.
Native extension for WindowsStandalone target not found
Refreshing native plugins compatible for Editor in 24.09 ms, found 2 plugins.
Preloading 0 native plugins for Editor in 0.00 ms.
Mono: successfully reloaded assembly
- Completed reload, in  0.329 seconds
Domain Reload Profiling:
	ReloadAssembly (329ms)
		BeginReloadAssembly (39ms)
			ExecutionOrderSort (0ms)
			DisableScriptedObjects (0ms)
			BackupInstance (0ms)
			ReleaseScriptingObjects (0ms)
			CreateAndSetChildDomain (0ms)
		EndReloadAssembly (250ms)
			LoadAssemblies (37ms)
			RebuildTransferFunctionScriptingTraits (0ms)
			SetupTypeCache (79ms)
			ReleaseScriptCaches (0ms)
			RebuildScriptCaches (17ms)
			SetupLoadedEditorAssemblies (95ms)
				LogAssemblyErrors (0ms)
				InitializePlatformSupportModulesInManaged (3ms)
				SetLoadedEditorAssemblies (0ms)
				RefreshPlugins (24ms)
				BeforeProcessingInitializeOnLoad (9ms)
				ProcessInitializeOnLoadAttributes (45ms)
				ProcessInitializeOnLoadMethodAttributes (14ms)
				AfterProcessingInitializeOnLoad (0ms)
				EditorAssembliesLoaded (0ms)
			ExecutionOrderSort2 (0ms)
			AwakeInstancesAfterBackupRestoration (0ms)
Platform modules already initialized, skipping
Registering precompiled user dll's ...
Registered in 0.002147 seconds.
Begin MonoManager ReloadAssembly
Native extension for WindowsStandalone target not found
Refreshing native plugins compatible for Editor in 0.34 ms, found 2 plugins.
Preloading 0 native plugins for Editor in 0.00 ms.
Mono: successfully reloaded assembly
- Completed reload, in  0.532 seconds
Domain Reload Profiling:
	ReloadAssembly (533ms)
		BeginReloadAssembly (78ms)
			ExecutionOrderSort (0ms)
			DisableScriptedObjects (2ms)
			BackupInstance (0ms)
			ReleaseScriptingObjects (0ms)
			CreateAndSetChildDomain (13ms)
		EndReloadAssembly (421ms)
			LoadAssemblies (52ms)
			RebuildTransferFunctionScriptingTraits (0ms)
			SetupTypeCache (129ms)
			ReleaseScriptCaches (0ms)
			RebuildScriptCaches (25ms)
			SetupLoadedEditorAssemblies (183ms)
				LogAssemblyErrors (0ms)
				InitializePlatformSupportModulesInManaged (3ms)
				SetLoadedEditorAssemblies (0ms)
				RefreshPlugins (0ms)
				BeforeProcessingInitializeOnLoad (46ms)
				ProcessInitializeOnLoadAttributes (124ms)
				ProcessInitializeOnLoadMethodAttributes (5ms)
				AfterProcessingInitializeOnLoad (4ms)
				EditorAssembliesLoaded (0ms)
			ExecutionOrderSort2 (0ms)
			AwakeInstancesAfterBackupRestoration (1ms)
Platform modules already initialized, skipping
========================================================================
Worker process is ready to serve import requests
Launched and connected shader compiler UnityShaderCompiler.exe after 0.03 seconds
Refreshing native plugins compatible for Editor in 0.50 ms, found 2 plugins.
Preloading 0 native plugins for Editor in 0.00 ms.
Unloading 1332 Unused Serialized files (Serialized files now loaded: 0)
System memory in use before: 65.6 MB.
System memory in use after: 65.7 MB.

Unloading 16 unused Assets to reduce memory usage. Loaded Objects now: 1771.
Total: 2.026100 ms (FindLiveObjects: 0.131900 ms CreateObjectMapping: 0.028600 ms MarkObjects: 1.819300 ms  DeleteObjects: 0.045800 ms)

AssetImportParameters requested are different than current active one (requested -> active):
  custom:framework-win-MediaFoundation: 216162199b28c13a410421893ffa2e32 -> 
  custom:video-decoder-ogg-theora: a1e56fd34408186e4bbccfd4996cb3dc -> 
  custom:container-muxer-webm: aa71ff27fc2769a1b78a27578f13a17b -> 
  custom:container-demuxer-webm: 4f35f7cbe854078d1ac9338744f61a02 -> 
  custom:container-demuxer-ogg: 62fdf1f143b41e24485cea50d1cbac27 -> 
  custom:video-encoder-webm-vp8: eb34c28f22e8b96e1ab97ce403110664 -> 
  custom:video-codec-MediaFoundation-h265: 746d11721c4dcdbdad8f713fa42b33f4 -> 
  custom:video-decoder-webm-vp8: 9c59270c3fd7afecdb556c50c9e8de78 -> 
  custom:audio-decoder-ogg-vorbis: bf7c407c2cedff20999df2af8eb42d56 -> 
  custom:audio-encoder-webm-vorbis: bf7c407c2cedff20999df2af8eb42d56 -> 
========================================================================
Received Import Request.
  path: Assets/Scenes/SampleScene Beomsoo.unity
  artifactKey: Guid(d7e20b049506ddb42847845a9943ed44) Importer(815301076,1909f56bfc062723c751e8b465ee728b)
Start importing Assets/Scenes/SampleScene Beomsoo.unity using Guid(d7e20b049506ddb42847845a9943ed44) Importer(815301076,1909f56bfc062723c751e8b465ee728b)  -> (artifact id: '48f8f95eae5e527cbd0444cb487c2cea') in 0.009966 seconds 
========================================================================
Received Import Request.
  Time since last request: 27.180317 seconds.
  path: Assets/Scenes/Sample Scene Yeongjun.unity
  artifactKey: Guid(af036281ba7f2b44ea8a8d557c85b859) Importer(815301076,1909f56bfc062723c751e8b465ee728b)
Start importing Assets/Scenes/Sample Scene Yeongjun.unity using Guid(af036281ba7f2b44ea8a8d557c85b859) Importer(815301076,1909f56bfc062723c751e8b465ee728b)  -> (artifact id: 'c43f082ac81342e06e633d3096299755') in 0.008024 seconds 
========================================================================
Received Import Request.
  Time since last request: 34.919440 seconds.
  path: Assets/Scenes/SampleScene
  artifactKey: Guid(fc53fcc886f643a4b9edc3137fcfde5c) Importer(815301076,1909f56bfc062723c751e8b465ee728b)
Start importing Assets/Scenes/SampleScene using Guid(fc53fcc886f643a4b9edc3137fcfde5c) Importer(815301076,1909f56bfc062723c751e8b465ee728b)  -> (artifact id: 'fd1558d7801ca36a62813d2efd34ab84') in 0.008911 seconds 
========================================================================
Received Import Request.
  Time since last request: 1.462112 seconds.
  path: Assets/Scenes/SampleScene/NavMesh.asset
  artifactKey: Guid(2d11df75241802245bef81a86e639f5b) Importer(815301076,1909f56bfc062723c751e8b465ee728b)
Start importing Assets/Scenes/SampleScene/NavMesh.asset using Guid(2d11df75241802245bef81a86e639f5b) Importer(815301076,1909f56bfc062723c751e8b465ee728b)  -> (artifact id: '75057952ba3bb21e99c8e84a0695e798') in 0.033438 seconds 
========================================================================
Received Import Request.
  Time since last request: 1.121147 seconds.
  path: Assets/Scenes/Sample Scene Yeongjun.unity
  artifactKey: Guid(af036281ba7f2b44ea8a8d557c85b859) Importer(815301076,1909f56bfc062723c751e8b465ee728b)
Start importing Assets/Scenes/Sample Scene Yeongjun.unity using Guid(af036281ba7f2b44ea8a8d557c85b859) Importer(815301076,1909f56bfc062723c751e8b465ee728b)  -> (artifact id: '8a23c8be126f2164f50e325b853581cf') in 0.001940 seconds 
========================================================================
Received Import Request.
  Time since last request: 2.825141 seconds.
  path: Assets/Scenes/SampleScene.unity
  artifactKey: Guid(9fc0d4010bbf28b4594072e72b8655ab) Importer(815301076,1909f56bfc062723c751e8b465ee728b)
Start importing Assets/Scenes/SampleScene.unity using Guid(9fc0d4010bbf28b4594072e72b8655ab) Importer(815301076,1909f56bfc062723c751e8b465ee728b)  -> (artifact id: '609e1b756334dee533c57bdfe646fd96') in 0.009576 seconds 
========================================================================
Received Import Request.
  Time since last request: 84.532548 seconds.
  path: Assets/ThirdParty/StylizedGuns - WW2 US/Demo/Demo-US-Guns.unity
  artifactKey: Guid(aa0cbb3e933774b7d8213435bb228e46) Importer(815301076,1909f56bfc062723c751e8b465ee728b)
Start importing Assets/ThirdParty/StylizedGuns - WW2 US/Demo/Demo-US-Guns.unity using Guid(aa0cbb3e933774b7d8213435bb228e46) Importer(815301076,1909f56bfc062723c751e8b465ee728b)  -> (artifact id: '9d6a259300a25ccccf249bd84e39e517') in 0.008585 seconds 
========================================================================
Received Import Request.
  Time since last request: 19.744003 seconds.
  path: Assets/ThirdParty/StylizedGuns - WW2 US/Prefabs/M1Garand.prefab
  artifactKey: Guid(185ce04d44da342739f0bef843698e6c) Importer(815301076,1909f56bfc062723c751e8b465ee728b)
Start importing Assets/ThirdParty/StylizedGuns - WW2 US/Prefabs/M1Garand.prefab using Guid(185ce04d44da342739f0bef843698e6c) Importer(815301076,1909f56bfc062723c751e8b465ee728b)  -> (artifact id: '1b106b5e3114c3c6dd3e0348858f60c9') in 0.079125 seconds 
========================================================================
Received Import Request.
  Time since last request: 25.525746 seconds.
  path: Assets/ThirdParty/StylizedGuns - WW2 US/Textures/M1-Garand
  artifactKey: Guid(9f6e313d9929f4cbba597955c8b7e088) Importer(815301076,1909f56bfc062723c751e8b465ee728b)
Start importing Assets/ThirdParty/StylizedGuns - WW2 US/Textures/M1-Garand using Guid(9f6e313d9929f4cbba597955c8b7e088) Importer(815301076,1909f56bfc062723c751e8b465ee728b)  -> (artifact id: '000c8cfb47caf2d92ae6e3f064ab4fe9') in 0.009003 seconds 
========================================================================
Received Import Request.
  Time since last request: 59.578068 seconds.
  path: Assets/ThirdParty/StylizedGuns - WW2 US/readme.pdf
  artifactKey: Guid(1d3c9f2e94178462e9aabe301fe829d6) Importer(815301076,1909f56bfc062723c751e8b465ee728b)
Start importing Assets/ThirdParty/StylizedGuns - WW2 US/readme.pdf using Guid(1d3c9f2e94178462e9aabe301fe829d6) Importer(815301076,1909f56bfc062723c751e8b465ee728b)  -> (artifact id: '6a0ea750fcac2a1e58a118d837377c71') in 0.013019 seconds 
========================================================================
Received Prepare
Registering precompiled user dll's ...
Registered in 0.001924 seconds.
Begin MonoManager ReloadAssembly
Native extension for WindowsStandalone target not found
Refreshing native plugins compatible for Editor in 0.37 ms, found 2 plugins.
Preloading 0 native plugins for Editor in 0.00 ms.
Mono: successfully reloaded assembly
- Completed reload, in  0.508 seconds
Domain Reload Profiling:
	ReloadAssembly (508ms)
		BeginReloadAssembly (71ms)
			ExecutionOrderSort (0ms)
			DisableScriptedObjects (2ms)
			BackupInstance (0ms)
			ReleaseScriptingObjects (0ms)
			CreateAndSetChildDomain (20ms)
		EndReloadAssembly (403ms)
			LoadAssemblies (52ms)
			RebuildTransferFunctionScriptingTraits (0ms)
			SetupTypeCache (131ms)
			ReleaseScriptCaches (1ms)
			RebuildScriptCaches (22ms)
			SetupLoadedEditorAssemblies (165ms)
				LogAssemblyErrors (0ms)
				InitializePlatformSupportModulesInManaged (3ms)
				SetLoadedEditorAssemblies (0ms)
				RefreshPlugins (0ms)
				BeforeProcessingInitializeOnLoad (43ms)
				ProcessInitializeOnLoadAttributes (110ms)
				ProcessInitializeOnLoadMethodAttributes (5ms)
				AfterProcessingInitializeOnLoad (4ms)
				EditorAssembliesLoaded (0ms)
			ExecutionOrderSort2 (0ms)
			AwakeInstancesAfterBackupRestoration (1ms)
Platform modules already initialized, skipping
Refreshing native plugins compatible for Editor in 0.46 ms, found 2 plugins.
Preloading 0 native plugins for Editor in 0.00 ms.
Unloading 1326 Unused Serialized files (Serialized files now loaded: 0)
System memory in use before: 68.6 MB.
System memory in use after: 68.7 MB.

Unloading 11 unused Assets to reduce memory usage. Loaded Objects now: 1782.
Total: 2.343800 ms (FindLiveObjects: 0.136300 ms CreateObjectMapping: 0.028000 ms MarkObjects: 2.163100 ms  DeleteObjects: 0.015700 ms)

AssetImportParameters requested are different than current active one (requested -> active):
  custom:framework-win-MediaFoundation: 216162199b28c13a410421893ffa2e32 -> 
  custom:video-decoder-ogg-theora: a1e56fd34408186e4bbccfd4996cb3dc -> 
  custom:container-muxer-webm: aa71ff27fc2769a1b78a27578f13a17b -> 
  custom:container-demuxer-webm: 4f35f7cbe854078d1ac9338744f61a02 -> 
  custom:container-demuxer-ogg: 62fdf1f143b41e24485cea50d1cbac27 -> 
  custom:video-encoder-webm-vp8: eb34c28f22e8b96e1ab97ce403110664 -> 
  custom:video-codec-MediaFoundation-h265: 746d11721c4dcdbdad8f713fa42b33f4 -> 
  custom:video-decoder-webm-vp8: 9c59270c3fd7afecdb556c50c9e8de78 -> 
  custom:audio-decoder-ogg-vorbis: bf7c407c2cedff20999df2af8eb42d56 -> 
  custom:audio-encoder-webm-vorbis: bf7c407c2cedff20999df2af8eb42d56 -> 
========================================================================
Received Import Request.
  Time since last request: 21.410787 seconds.
  path: Assets/ThirdParty/StylizedGuns - WW2 US/Prefabs
  artifactKey: Guid(bb3b08a2d2fd6435db4fe6664a7c14d5) Importer(815301076,1909f56bfc062723c751e8b465ee728b)
Start importing Assets/ThirdParty/StylizedGuns - WW2 US/Prefabs using Guid(bb3b08a2d2fd6435db4fe6664a7c14d5) Importer(815301076,1909f56bfc062723c751e8b465ee728b)  -> (artifact id: 'e5e2403013c00ad047fca37d8d183c71') in 0.010775 seconds 
========================================================================
Received Import Request.
  Time since last request: 297.704895 seconds.
  path: Assets/ThirdParty/StylizedGuns - WW2 US/Textures/M1-Garand/m1garand_low_uv_checker_material_uv_grid_2048x2048_Albedo.png
  artifactKey: Guid(bdf4ae9c0eda845cb84b73553ce26d48) Importer(815301076,1909f56bfc062723c751e8b465ee728b)
Start importing Assets/ThirdParty/StylizedGuns - WW2 US/Textures/M1-Garand/m1garand_low_uv_checker_material_uv_grid_2048x2048_Albedo.png using Guid(bdf4ae9c0eda845cb84b73553ce26d48) Importer(815301076,1909f56bfc062723c751e8b465ee728b)  -> (artifact id: '632bf6f28008a45b3fd9c16dc61990a7') in 0.055189 seconds 
========================================================================
Received Prepare
Registering precompiled user dll's ...
Registered in 0.001829 seconds.
Begin MonoManager ReloadAssembly
Native extension for WindowsStandalone target not found
Refreshing native plugins compatible for Editor in 0.35 ms, found 2 plugins.
Preloading 0 native plugins for Editor in 0.00 ms.
Mono: successfully reloaded assembly
- Completed reload, in  0.484 seconds
Domain Reload Profiling:
	ReloadAssembly (484ms)
		BeginReloadAssembly (69ms)
			ExecutionOrderSort (0ms)
			DisableScriptedObjects (2ms)
			BackupInstance (0ms)
			ReleaseScriptingObjects (0ms)
			CreateAndSetChildDomain (20ms)
		EndReloadAssembly (383ms)
			LoadAssemblies (50ms)
			RebuildTransferFunctionScriptingTraits (0ms)
			SetupTypeCache (126ms)
			ReleaseScriptCaches (1ms)
			RebuildScriptCaches (21ms)
			SetupLoadedEditorAssemblies (154ms)
				LogAssemblyErrors (0ms)
				InitializePlatformSupportModulesInManaged (3ms)
				SetLoadedEditorAssemblies (0ms)
				RefreshPlugins (0ms)
				BeforeProcessingInitializeOnLoad (41ms)
				ProcessInitializeOnLoadAttributes (100ms)
				ProcessInitializeOnLoadMethodAttributes (4ms)
				AfterProcessingInitializeOnLoad (4ms)
				EditorAssembliesLoaded (0ms)
			ExecutionOrderSort2 (0ms)
			AwakeInstancesAfterBackupRestoration (1ms)
Platform modules already initialized, skipping
Refreshing native plugins compatible for Editor in 0.40 ms, found 2 plugins.
Preloading 0 native plugins for Editor in 0.00 ms.
Unloading 1326 Unused Serialized files (Serialized files now loaded: 0)
System memory in use before: 68.6 MB.
System memory in use after: 68.7 MB.

Unloading 11 unused Assets to reduce memory usage. Loaded Objects now: 1787.
Total: 1.728300 ms (FindLiveObjects: 0.081000 ms CreateObjectMapping: 0.016700 ms MarkObjects: 1.617300 ms  DeleteObjects: 0.012900 ms)

AssetImportParameters requested are different than current active one (requested -> active):
  custom:framework-win-MediaFoundation: 216162199b28c13a410421893ffa2e32 -> 
  custom:video-decoder-ogg-theora: a1e56fd34408186e4bbccfd4996cb3dc -> 
  custom:container-muxer-webm: aa71ff27fc2769a1b78a27578f13a17b -> 
  custom:container-demuxer-webm: 4f35f7cbe854078d1ac9338744f61a02 -> 
  custom:container-demuxer-ogg: 62fdf1f143b41e24485cea50d1cbac27 -> 
  custom:video-encoder-webm-vp8: eb34c28f22e8b96e1ab97ce403110664 -> 
  custom:video-codec-MediaFoundation-h265: 746d11721c4dcdbdad8f713fa42b33f4 -> 
  custom:video-decoder-webm-vp8: 9c59270c3fd7afecdb556c50c9e8de78 -> 
  custom:audio-decoder-ogg-vorbis: bf7c407c2cedff20999df2af8eb42d56 -> 
  custom:audio-encoder-webm-vorbis: bf7c407c2cedff20999df2af8eb42d56 -> 
========================================================================
Received Prepare
Registering precompiled user dll's ...
Registered in 0.001904 seconds.
Begin MonoManager ReloadAssembly
Native extension for WindowsStandalone target not found
Refreshing native plugins compatible for Editor in 0.34 ms, found 2 plugins.
Preloading 0 native plugins for Editor in 0.00 ms.
Mono: successfully reloaded assembly
- Completed reload, in  0.498 seconds
Domain Reload Profiling:
	ReloadAssembly (498ms)
		BeginReloadAssembly (70ms)
			ExecutionOrderSort (0ms)
			DisableScriptedObjects (2ms)
			BackupInstance (0ms)
			ReleaseScriptingObjects (0ms)
			CreateAndSetChildDomain (20ms)
		EndReloadAssembly (396ms)
			LoadAssemblies (51ms)
			RebuildTransferFunctionScriptingTraits (0ms)
			SetupTypeCache (129ms)
			ReleaseScriptCaches (1ms)
			RebuildScriptCaches (21ms)
			SetupLoadedEditorAssemblies (163ms)
				LogAssemblyErrors (0ms)
				InitializePlatformSupportModulesInManaged (3ms)
				SetLoadedEditorAssemblies (0ms)
				RefreshPlugins (0ms)
				BeforeProcessingInitializeOnLoad (44ms)
				ProcessInitializeOnLoadAttributes (107ms)
				ProcessInitializeOnLoadMethodAttributes (5ms)
				AfterProcessingInitializeOnLoad (4ms)
				EditorAssembliesLoaded (0ms)
			ExecutionOrderSort2 (0ms)
			AwakeInstancesAfterBackupRestoration (1ms)
Platform modules already initialized, skipping
Refreshing native plugins compatible for Editor in 0.44 ms, found 2 plugins.
Preloading 0 native plugins for Editor in 0.00 ms.
Unloading 1326 Unused Serialized files (Serialized files now loaded: 0)
System memory in use before: 68.6 MB.
System memory in use after: 68.7 MB.

Unloading 11 unused Assets to reduce memory usage. Loaded Objects now: 1790.
Total: 1.836100 ms (FindLiveObjects: 0.091300 ms CreateObjectMapping: 0.022800 ms MarkObjects: 1.705900 ms  DeleteObjects: 0.015200 ms)

AssetImportParameters requested are different than current active one (requested -> active):
  custom:framework-win-MediaFoundation: 216162199b28c13a410421893ffa2e32 -> 
  custom:video-decoder-ogg-theora: a1e56fd34408186e4bbccfd4996cb3dc -> 
  custom:container-muxer-webm: aa71ff27fc2769a1b78a27578f13a17b -> 
  custom:container-demuxer-webm: 4f35f7cbe854078d1ac9338744f61a02 -> 
  custom:container-demuxer-ogg: 62fdf1f143b41e24485cea50d1cbac27 -> 
  custom:video-encoder-webm-vp8: eb34c28f22e8b96e1ab97ce403110664 -> 
  custom:video-codec-MediaFoundation-h265: 746d11721c4dcdbdad8f713fa42b33f4 -> 
  custom:video-decoder-webm-vp8: 9c59270c3fd7afecdb556c50c9e8de78 -> 
  custom:audio-decoder-ogg-vorbis: bf7c407c2cedff20999df2af8eb42d56 -> 
  custom:audio-encoder-webm-vorbis: bf7c407c2cedff20999df2af8eb42d56 -> 
========================================================================
Received Import Request.
  Time since last request: 308.100919 seconds.
  path: Assets/ThirdParty/StylizedGuns - WW2 US/Source/Main/M1Garand.fbx
  artifactKey: Guid(e23ab8f095718425c967ae1e8ad24cf5) Importer(815301076,1909f56bfc062723c751e8b465ee728b)
Start importing Assets/ThirdParty/StylizedGuns - WW2 US/Source/Main/M1Garand.fbx using Guid(e23ab8f095718425c967ae1e8ad24cf5) Importer(815301076,1909f56bfc062723c751e8b465ee728b)  -> (artifact id: '829437fa7dbf876f2e64100462b7a54f') in 0.061604 seconds 
========================================================================
Received Import Request.
  Time since last request: 24.302070 seconds.
  path: Assets/ThirdParty/StylizedGuns - WW2 US/Demo
  artifactKey: Guid(a4b6b85c9514842fe9a82462360dce34) Importer(815301076,1909f56bfc062723c751e8b465ee728b)
Start importing Assets/ThirdParty/StylizedGuns - WW2 US/Demo using Guid(a4b6b85c9514842fe9a82462360dce34) Importer(815301076,1909f56bfc062723c751e8b465ee728b)  -> (artifact id: '6115b63c6ddcdc9cb1bbb13f234f99d4') in 0.008961 seconds 
========================================================================
Received Import Request.
  Time since last request: 41.837490 seconds.
  path: Assets/Scenes/Sample Scene Yeongjun.unity
  artifactKey: Guid(af036281ba7f2b44ea8a8d557c85b859) Importer(815301076,1909f56bfc062723c751e8b465ee728b)
Start importing Assets/Scenes/Sample Scene Yeongjun.unity using Guid(af036281ba7f2b44ea8a8d557c85b859) Importer(815301076,1909f56bfc062723c751e8b465ee728b)  -> (artifact id: 'ea2179c0b094329ef3fc4cc94208217a') in 0.002011 seconds 
========================================================================
Received Prepare
Registering precompiled user dll's ...
Registered in 0.001862 seconds.
Begin MonoManager ReloadAssembly
Native extension for WindowsStandalone target not found
Refreshing native plugins compatible for Editor in 0.35 ms, found 2 plugins.
Preloading 0 native plugins for Editor in 0.00 ms.
Mono: successfully reloaded assembly
- Completed reload, in  0.501 seconds
Domain Reload Profiling:
	ReloadAssembly (501ms)
		BeginReloadAssembly (70ms)
			ExecutionOrderSort (0ms)
			DisableScriptedObjects (2ms)
			BackupInstance (0ms)
			ReleaseScriptingObjects (0ms)
			CreateAndSetChildDomain (20ms)
		EndReloadAssembly (398ms)
			LoadAssemblies (50ms)
			RebuildTransferFunctionScriptingTraits (0ms)
			SetupTypeCache (131ms)
			ReleaseScriptCaches (1ms)
			RebuildScriptCaches (22ms)
			SetupLoadedEditorAssemblies (163ms)
				LogAssemblyErrors (0ms)
				InitializePlatformSupportModulesInManaged (3ms)
				SetLoadedEditorAssemblies (0ms)
				RefreshPlugins (0ms)
				BeforeProcessingInitializeOnLoad (43ms)
				ProcessInitializeOnLoadAttributes (108ms)
				ProcessInitializeOnLoadMethodAttributes (4ms)
				AfterProcessingInitializeOnLoad (4ms)
				EditorAssembliesLoaded (0ms)
			ExecutionOrderSort2 (0ms)
			AwakeInstancesAfterBackupRestoration (1ms)
Platform modules already initialized, skipping
Refreshing native plugins compatible for Editor in 0.39 ms, found 2 plugins.
Preloading 0 native plugins for Editor in 0.00 ms.
Unloading 1326 Unused Serialized files (Serialized files now loaded: 0)
System memory in use before: 69.0 MB.
System memory in use after: 69.1 MB.

Unloading 11 unused Assets to reduce memory usage. Loaded Objects now: 1830.
Total: 1.854400 ms (FindLiveObjects: 0.096400 ms CreateObjectMapping: 0.019500 ms MarkObjects: 1.722600 ms  DeleteObjects: 0.015300 ms)

AssetImportParameters requested are different than current active one (requested -> active):
  custom:framework-win-MediaFoundation: 216162199b28c13a410421893ffa2e32 -> 
  custom:video-decoder-ogg-theora: a1e56fd34408186e4bbccfd4996cb3dc -> 
  custom:container-muxer-webm: aa71ff27fc2769a1b78a27578f13a17b -> 
  custom:container-demuxer-webm: 4f35f7cbe854078d1ac9338744f61a02 -> 
  custom:container-demuxer-ogg: 62fdf1f143b41e24485cea50d1cbac27 -> 
  custom:video-encoder-webm-vp8: eb34c28f22e8b96e1ab97ce403110664 -> 
  custom:video-codec-MediaFoundation-h265: 746d11721c4dcdbdad8f713fa42b33f4 -> 
  custom:video-decoder-webm-vp8: 9c59270c3fd7afecdb556c50c9e8de78 -> 
  custom:audio-decoder-ogg-vorbis: bf7c407c2cedff20999df2af8eb42d56 -> 
  custom:audio-encoder-webm-vorbis: bf7c407c2cedff20999df2af8eb42d56 -> 
========================================================================
Received Import Request.
  Time since last request: 585.396877 seconds.
  path: Assets/Prefab/M1Garand.prefab
  artifactKey: Guid(d5ffcaeaaf1aceb428063861db04970d) Importer(815301076,1909f56bfc062723c751e8b465ee728b)
Start importing Assets/Prefab/M1Garand.prefab using Guid(d5ffcaeaaf1aceb428063861db04970d) Importer(815301076,1909f56bfc062723c751e8b465ee728b)  -> (artifact id: 'cf4f994879a1dd3665cda74f86399f2e') in 0.038561 seconds 
========================================================================
Received Import Request.
  Time since last request: 170.359683 seconds.
  path: Assets/ThirdParty/StylizedGuns - WW2 US/Prefabs/M1918Bar-WithoutMag.prefab
  artifactKey: Guid(c08bd372cdff847d4be9a9d20c094ac2) Importer(815301076,1909f56bfc062723c751e8b465ee728b)
Start importing Assets/ThirdParty/StylizedGuns - WW2 US/Prefabs/M1918Bar-WithoutMag.prefab using Guid(c08bd372cdff847d4be9a9d20c094ac2) Importer(815301076,1909f56bfc062723c751e8b465ee728b)  -> (artifact id: 'a28ed1c75b9889c0ba53498526c3efb3') in 0.022392 seconds 
========================================================================
Received Import Request.
  Time since last request: 10.601028 seconds.
  path: Assets/ThirdParty/StylizedGuns - WW2 US/Prefabs/M1918Bar.prefab
  artifactKey: Guid(c303a18f1cbdd4156b139b9e5b35d6a9) Importer(815301076,1909f56bfc062723c751e8b465ee728b)
Start importing Assets/ThirdParty/StylizedGuns - WW2 US/Prefabs/M1918Bar.prefab using Guid(c303a18f1cbdd4156b139b9e5b35d6a9) Importer(815301076,1909f56bfc062723c751e8b465ee728b)  -> (artifact id: 'fafb1789918d25682c536f21a2aba5ec') in 0.016494 seconds 
========================================================================
Received Import Request.
  Time since last request: 2.979549 seconds.
  path: Assets/ThirdParty/StylizedGuns - WW2 US/Prefabs/M1918BarMAGAZINE.prefab
  artifactKey: Guid(0a54a219d0bcf4c0aabc937ec0f482a4) Importer(815301076,1909f56bfc062723c751e8b465ee728b)
Start importing Assets/ThirdParty/StylizedGuns - WW2 US/Prefabs/M1918BarMAGAZINE.prefab using Guid(0a54a219d0bcf4c0aabc937ec0f482a4) Importer(815301076,1909f56bfc062723c751e8b465ee728b)  -> (artifact id: 'fe4d393d9353d2a6a73e0978e635eec3') in 0.037146 seconds 
========================================================================
Received Import Request.
  Time since last request: 2.339358 seconds.
  path: Assets/ThirdParty/StylizedGuns - WW2 US/Prefabs/ThompsonM1A1-WithoutMag.prefab
  artifactKey: Guid(0b240f8136ffe4f0da814d74966c0b01) Importer(815301076,1909f56bfc062723c751e8b465ee728b)
Start importing Assets/ThirdParty/StylizedGuns - WW2 US/Prefabs/ThompsonM1A1-WithoutMag.prefab using Guid(0b240f8136ffe4f0da814d74966c0b01) Importer(815301076,1909f56bfc062723c751e8b465ee728b)  -> (artifact id: 'b10b0fdbb543991f38cd048e4c048648') in 0.015918 seconds 
========================================================================
Received Import Request.
  Time since last request: 2.182478 seconds.
  path: Assets/ThirdParty/StylizedGuns - WW2 US/Prefabs/ThompsonM1A1.prefab
  artifactKey: Guid(944f765b84e4c4012876d61f4dfc7b5a) Importer(815301076,1909f56bfc062723c751e8b465ee728b)
Start importing Assets/ThirdParty/StylizedGuns - WW2 US/Prefabs/ThompsonM1A1.prefab using Guid(944f765b84e4c4012876d61f4dfc7b5a) Importer(815301076,1909f56bfc062723c751e8b465ee728b)  -> (artifact id: '835670bc190b5594f35b52a4e4462957') in 0.015831 seconds 
========================================================================
Received Import Request.
  Time since last request: 4.118023 seconds.
  path: Assets/ThirdParty/StylizedGuns - WW2 US/Prefabs/M1Garand.prefab
  artifactKey: Guid(185ce04d44da342739f0bef843698e6c) Importer(815301076,1909f56bfc062723c751e8b465ee728b)
Start importing Assets/ThirdParty/StylizedGuns - WW2 US/Prefabs/M1Garand.prefab using Guid(185ce04d44da342739f0bef843698e6c) Importer(815301076,1909f56bfc062723c751e8b465ee728b)  -> (artifact id: 'b63ee1a6d7cd460486bfaf4c3e7e2389') in 0.020067 seconds 
========================================================================
Received Import Request.
  Time since last request: 24.993017 seconds.
  path: Assets/ThirdParty/StylizedGuns - WW2 US/Source/Magazine Version/M1918Bar-WithoutMag.fbx
  artifactKey: Guid(c1ce864051db441b9bfac2723519107a) Importer(815301076,1909f56bfc062723c751e8b465ee728b)
Start importing Assets/ThirdParty/StylizedGuns - WW2 US/Source/Magazine Version/M1918Bar-WithoutMag.fbx using Guid(c1ce864051db441b9bfac2723519107a) Importer(815301076,1909f56bfc062723c751e8b465ee728b)  -> (artifact id: '78e0c7dc440f44c85eb01545039a8faf') in 0.043063 seconds 
========================================================================
Received Import Request.
  Time since last request: 15.932699 seconds.
  path: Assets/ThirdParty/StylizedGuns - WW2 US/Textures/M1918-BAR/BARM1918_uv_checker_material_uv_grid_2048x2048_Albedo.png
  artifactKey: Guid(6df6e044010154fb68cc89c41c7cfe7e) Importer(815301076,1909f56bfc062723c751e8b465ee728b)
Start importing Assets/ThirdParty/StylizedGuns - WW2 US/Textures/M1918-BAR/BARM1918_uv_checker_material_uv_grid_2048x2048_Albedo.png using Guid(6df6e044010154fb68cc89c41c7cfe7e) Importer(815301076,1909f56bfc062723c751e8b465ee728b)  -> (artifact id: '6fc92c2fa492c237c8e8f3739538a50b') in 0.019315 seconds 
========================================================================
Received Import Request.
  Time since last request: 17.613409 seconds.
  path: Assets/ThirdParty/StylizedGuns - WW2 US/Textures/Thompson
  artifactKey: Guid(7b2fbb13e00834d39a2f3c456acf3f54) Importer(815301076,1909f56bfc062723c751e8b465ee728b)
Start importing Assets/ThirdParty/StylizedGuns - WW2 US/Textures/Thompson using Guid(7b2fbb13e00834d39a2f3c456acf3f54) Importer(815301076,1909f56bfc062723c751e8b465ee728b)  -> (artifact id: '2ad68efd0245d46d4a5ff97c34d8356a') in 0.009503 seconds 
========================================================================
Received Import Request.
  Time since last request: 24.422203 seconds.
  path: Assets/ThirdParty/StylizedGuns - WW2 US/Prefabs/ThompsonMAGAZINE.prefab
  artifactKey: Guid(0fd4b118c879443969647aff0e75ae10) Importer(815301076,1909f56bfc062723c751e8b465ee728b)
Start importing Assets/ThirdParty/StylizedGuns - WW2 US/Prefabs/ThompsonMAGAZINE.prefab using Guid(0fd4b118c879443969647aff0e75ae10) Importer(815301076,1909f56bfc062723c751e8b465ee728b)  -> (artifact id: '26d92300e7e42729466c64009be2d751') in 0.015184 seconds 
========================================================================
Received Import Request.
  Time since last request: 47.514534 seconds.
  path: Assets/ThirdParty/StylizedGuns - WW2 US/Textures
  artifactKey: Guid(0a2032a7cf62c4a4d87ce04a17c3e849) Importer(815301076,1909f56bfc062723c751e8b465ee728b)
Start importing Assets/ThirdParty/StylizedGuns - WW2 US/Textures using Guid(0a2032a7cf62c4a4d87ce04a17c3e849) Importer(815301076,1909f56bfc062723c751e8b465ee728b)  -> (artifact id: 'd2e031b6eb769f8061a72984c614bc47') in 0.009515 seconds 
========================================================================
Received Import Request.
  Time since last request: 9.356647 seconds.
  path: Assets/ThirdParty/StylizedGuns - WW2 US/Textures/Thompson/M1A1_low_uv_checker_material_uv_grid_2048x2048_Albedo.png
  artifactKey: Guid(032d190b0d846448aa8cf15e1eb39e13) Importer(815301076,1909f56bfc062723c751e8b465ee728b)
Start importing Assets/ThirdParty/StylizedGuns - WW2 US/Textures/Thompson/M1A1_low_uv_checker_material_uv_grid_2048x2048_Albedo.png using Guid(032d190b0d846448aa8cf15e1eb39e13) Importer(815301076,1909f56bfc062723c751e8b465ee728b)  -> (artifact id: '5ce6303d2aa883475eb6e02b621d7da6') in 0.028265 seconds 
========================================================================
Received Import Request.
  Time since last request: 29.520821 seconds.
  path: Assets/ThirdParty/StylizedGuns - WW2 US/Demo/Plane.prefab
  artifactKey: Guid(3f11fed50a4854908b9ad0639b9e063c) Importer(815301076,1909f56bfc062723c751e8b465ee728b)
Start importing Assets/ThirdParty/StylizedGuns - WW2 US/Demo/Plane.prefab using Guid(3f11fed50a4854908b9ad0639b9e063c) Importer(815301076,1909f56bfc062723c751e8b465ee728b)  -> (artifact id: '2e029b35ca689adb5247a6290c93f290') in 0.015468 seconds 
========================================================================
Received Import Request.
  Time since last request: 501.180624 seconds.
  path: Assets/Scripts/PlayerShooting.cs
  artifactKey: Guid(66d84e23b249ba94caf82a6c7cc5587b) Importer(815301076,1909f56bfc062723c751e8b465ee728b)
Start importing Assets/Scripts/PlayerShooting.cs using Guid(66d84e23b249ba94caf82a6c7cc5587b) Importer(815301076,1909f56bfc062723c751e8b465ee728b)  -> (artifact id: 'd35b8e6d2983a1e53aa7d440966fb98d') in 0.011238 seconds 
========================================================================
Received Prepare
Registering precompiled user dll's ...
Registered in 0.002056 seconds.
Begin MonoManager ReloadAssembly
Native extension for WindowsStandalone target not found
Refreshing native plugins compatible for Editor in 0.34 ms, found 2 plugins.
Preloading 0 native plugins for Editor in 0.00 ms.
Mono: successfully reloaded assembly
- Completed reload, in  0.537 seconds
Domain Reload Profiling:
	ReloadAssembly (538ms)
		BeginReloadAssembly (73ms)
			ExecutionOrderSort (0ms)
			DisableScriptedObjects (3ms)
			BackupInstance (0ms)
			ReleaseScriptingObjects (0ms)
			CreateAndSetChildDomain (20ms)
		EndReloadAssembly (430ms)
			LoadAssemblies (53ms)
			RebuildTransferFunctionScriptingTraits (0ms)
			SetupTypeCache (129ms)
			ReleaseScriptCaches (1ms)
			RebuildScriptCaches (22ms)
			SetupLoadedEditorAssemblies (194ms)
				LogAssemblyErrors (0ms)
				InitializePlatformSupportModulesInManaged (3ms)
				SetLoadedEditorAssemblies (0ms)
				RefreshPlugins (0ms)
				BeforeProcessingInitializeOnLoad (42ms)
				ProcessInitializeOnLoadAttributes (136ms)
				ProcessInitializeOnLoadMethodAttributes (7ms)
				AfterProcessingInitializeOnLoad (5ms)
				EditorAssembliesLoaded (0ms)
			ExecutionOrderSort2 (0ms)
			AwakeInstancesAfterBackupRestoration (2ms)
Platform modules already initialized, skipping
Refreshing native plugins compatible for Editor in 0.50 ms, found 2 plugins.
Preloading 0 native plugins for Editor in 0.00 ms.
Unloading 1326 Unused Serialized files (Serialized files now loaded: 0)
System memory in use before: 69.0 MB.
System memory in use after: 69.1 MB.

Unloading 11 unused Assets to reduce memory usage. Loaded Objects now: 1835.
Total: 2.180000 ms (FindLiveObjects: 0.088900 ms CreateObjectMapping: 0.017400 ms MarkObjects: 2.059400 ms  DeleteObjects: 0.013500 ms)

AssetImportParameters requested are different than current active one (requested -> active):
  custom:framework-win-MediaFoundation: 216162199b28c13a410421893ffa2e32 -> 
  custom:video-decoder-ogg-theora: a1e56fd34408186e4bbccfd4996cb3dc -> 
  custom:container-muxer-webm: aa71ff27fc2769a1b78a27578f13a17b -> 
  custom:container-demuxer-webm: 4f35f7cbe854078d1ac9338744f61a02 -> 
  custom:container-demuxer-ogg: 62fdf1f143b41e24485cea50d1cbac27 -> 
  custom:video-encoder-webm-vp8: eb34c28f22e8b96e1ab97ce403110664 -> 
  custom:video-codec-MediaFoundation-h265: 746d11721c4dcdbdad8f713fa42b33f4 -> 
  custom:video-decoder-webm-vp8: 9c59270c3fd7afecdb556c50c9e8de78 -> 
  custom:audio-decoder-ogg-vorbis: bf7c407c2cedff20999df2af8eb42d56 -> 
  custom:audio-encoder-webm-vorbis: bf7c407c2cedff20999df2af8eb42d56 -> 
========================================================================
Received Import Request.
  Time since last request: 177.439433 seconds.
  path: Assets/Scripts/Gun.cs
  artifactKey: Guid(5d19572fe95dc3540859d863c02af2ac) Importer(815301076,1909f56bfc062723c751e8b465ee728b)
Start importing Assets/Scripts/Gun.cs using Guid(5d19572fe95dc3540859d863c02af2ac) Importer(815301076,1909f56bfc062723c751e8b465ee728b)  -> (artifact id: 'b27e516330b45f93e1224f978e5edd82') in 0.008535 seconds 
========================================================================
Received Prepare
Registering precompiled user dll's ...
Registered in 0.001842 seconds.
Begin MonoManager ReloadAssembly
Native extension for WindowsStandalone target not found
Refreshing native plugins compatible for Editor in 0.38 ms, found 2 plugins.
Preloading 0 native plugins for Editor in 0.00 ms.
Mono: successfully reloaded assembly
- Completed reload, in  0.506 seconds
Domain Reload Profiling:
	ReloadAssembly (506ms)
		BeginReloadAssembly (70ms)
			ExecutionOrderSort (0ms)
			DisableScriptedObjects (2ms)
			BackupInstance (0ms)
			ReleaseScriptingObjects (0ms)
			CreateAndSetChildDomain (19ms)
		EndReloadAssembly (402ms)
			LoadAssemblies (52ms)
			RebuildTransferFunctionScriptingTraits (0ms)
			SetupTypeCache (129ms)
			ReleaseScriptCaches (1ms)
			RebuildScriptCaches (21ms)
			SetupLoadedEditorAssemblies (169ms)
				LogAssemblyErrors (0ms)
				InitializePlatformSupportModulesInManaged (3ms)
				SetLoadedEditorAssemblies (0ms)
				RefreshPlugins (0ms)
				BeforeProcessingInitializeOnLoad (45ms)
				ProcessInitializeOnLoadAttributes (111ms)
				ProcessInitializeOnLoadMethodAttributes (5ms)
				AfterProcessingInitializeOnLoad (5ms)
				EditorAssembliesLoaded (0ms)
			ExecutionOrderSort2 (0ms)
			AwakeInstancesAfterBackupRestoration (1ms)
Platform modules already initialized, skipping
Refreshing native plugins compatible for Editor in 0.50 ms, found 2 plugins.
Preloading 0 native plugins for Editor in 0.00 ms.
Unloading 1327 Unused Serialized files (Serialized files now loaded: 0)
System memory in use before: 69.0 MB.
System memory in use after: 69.1 MB.

Unloading 11 unused Assets to reduce memory usage. Loaded Objects now: 1839.
Total: 2.476200 ms (FindLiveObjects: 0.125100 ms CreateObjectMapping: 0.030300 ms MarkObjects: 2.304200 ms  DeleteObjects: 0.016000 ms)

AssetImportParameters requested are different than current active one (requested -> active):
  custom:framework-win-MediaFoundation: 216162199b28c13a410421893ffa2e32 -> 
  custom:video-decoder-ogg-theora: a1e56fd34408186e4bbccfd4996cb3dc -> 
  custom:container-muxer-webm: aa71ff27fc2769a1b78a27578f13a17b -> 
  custom:container-demuxer-webm: 4f35f7cbe854078d1ac9338744f61a02 -> 
  custom:container-demuxer-ogg: 62fdf1f143b41e24485cea50d1cbac27 -> 
  custom:video-encoder-webm-vp8: eb34c28f22e8b96e1ab97ce403110664 -> 
  custom:video-codec-MediaFoundation-h265: 746d11721c4dcdbdad8f713fa42b33f4 -> 
  custom:video-decoder-webm-vp8: 9c59270c3fd7afecdb556c50c9e8de78 -> 
  custom:audio-decoder-ogg-vorbis: bf7c407c2cedff20999df2af8eb42d56 -> 
  custom:audio-encoder-webm-vorbis: bf7c407c2cedff20999df2af8eb42d56 -> 
========================================================================
Received Import Request.
  Time since last request: 29.060484 seconds.
  path: Assets/Scripts/Gun.cs
  artifactKey: Guid(5d19572fe95dc3540859d863c02af2ac) Importer(815301076,1909f56bfc062723c751e8b465ee728b)
Start importing Assets/Scripts/Gun.cs using Guid(5d19572fe95dc3540859d863c02af2ac) Importer(815301076,1909f56bfc062723c751e8b465ee728b)  -> (artifact id: 'd16e62212deb22dc0cb76f5e71fb1041') in 0.003498 seconds 
========================================================================
Received Prepare
Registering precompiled user dll's ...
Registered in 0.002019 seconds.
Begin MonoManager ReloadAssembly
Native extension for WindowsStandalone target not found
Refreshing native plugins compatible for Editor in 0.35 ms, found 2 plugins.
Preloading 0 native plugins for Editor in 0.00 ms.
Mono: successfully reloaded assembly
- Completed reload, in  0.529 seconds
Domain Reload Profiling:
	ReloadAssembly (530ms)
		BeginReloadAssembly (69ms)
			ExecutionOrderSort (0ms)
			DisableScriptedObjects (2ms)
			BackupInstance (0ms)
			ReleaseScriptingObjects (0ms)
			CreateAndSetChildDomain (18ms)
		EndReloadAssembly (426ms)
			LoadAssemblies (52ms)
			RebuildTransferFunctionScriptingTraits (0ms)
			SetupTypeCache (132ms)
			ReleaseScriptCaches (1ms)
			RebuildScriptCaches (21ms)
			SetupLoadedEditorAssemblies (181ms)
				LogAssemblyErrors (0ms)
				InitializePlatformSupportModulesInManaged (3ms)
				SetLoadedEditorAssemblies (0ms)
				RefreshPlugins (0ms)
				BeforeProcessingInitializeOnLoad (52ms)
				ProcessInitializeOnLoadAttributes (113ms)
				ProcessInitializeOnLoadMethodAttributes (6ms)
				AfterProcessingInitializeOnLoad (5ms)
				EditorAssembliesLoaded (0ms)
			ExecutionOrderSort2 (0ms)
			AwakeInstancesAfterBackupRestoration (1ms)
Platform modules already initialized, skipping
Refreshing native plugins compatible for Editor in 0.54 ms, found 2 plugins.
Preloading 0 native plugins for Editor in 0.00 ms.
Unloading 1327 Unused Serialized files (Serialized files now loaded: 0)
System memory in use before: 69.0 MB.
System memory in use after: 69.1 MB.

Unloading 11 unused Assets to reduce memory usage. Loaded Objects now: 1842.
Total: 3.655200 ms (FindLiveObjects: 0.204100 ms CreateObjectMapping: 0.059500 ms MarkObjects: 3.369400 ms  DeleteObjects: 0.021500 ms)

AssetImportParameters requested are different than current active one (requested -> active):
  custom:framework-win-MediaFoundation: 216162199b28c13a410421893ffa2e32 -> 
  custom:video-decoder-ogg-theora: a1e56fd34408186e4bbccfd4996cb3dc -> 
  custom:container-muxer-webm: aa71ff27fc2769a1b78a27578f13a17b -> 
  custom:container-demuxer-webm: 4f35f7cbe854078d1ac9338744f61a02 -> 
  custom:container-demuxer-ogg: 62fdf1f143b41e24485cea50d1cbac27 -> 
  custom:video-encoder-webm-vp8: eb34c28f22e8b96e1ab97ce403110664 -> 
  custom:video-codec-MediaFoundation-h265: 746d11721c4dcdbdad8f713fa42b33f4 -> 
  custom:video-decoder-webm-vp8: 9c59270c3fd7afecdb556c50c9e8de78 -> 
  custom:audio-decoder-ogg-vorbis: bf7c407c2cedff20999df2af8eb42d56 -> 
  custom:audio-encoder-webm-vorbis: bf7c407c2cedff20999df2af8eb42d56 -> 
========================================================================
Received Import Request.
  Time since last request: 277.904238 seconds.
  path: Assets/Scripts/PlayerShooting.cs
  artifactKey: Guid(66d84e23b249ba94caf82a6c7cc5587b) Importer(815301076,1909f56bfc062723c751e8b465ee728b)
Start importing Assets/Scripts/PlayerShooting.cs using Guid(66d84e23b249ba94caf82a6c7cc5587b) Importer(815301076,1909f56bfc062723c751e8b465ee728b)  -> (artifact id: '7ff4d356f631640cec1222806f22fdbc') in 0.004563 seconds 
========================================================================
Received Import Request.
  Time since last request: 74.069763 seconds.
  path: Assets/Scripts/PlayerShooting.cs
  artifactKey: Guid(66d84e23b249ba94caf82a6c7cc5587b) Importer(815301076,1909f56bfc062723c751e8b465ee728b)
Start importing Assets/Scripts/PlayerShooting.cs using Guid(66d84e23b249ba94caf82a6c7cc5587b) Importer(815301076,1909f56bfc062723c751e8b465ee728b)  -> (artifact id: 'a54d4f79c28578ee0ba0b879d74e95d4') in 0.002019 seconds 
========================================================================
Received Import Request.
  Time since last request: 49.184693 seconds.
  path: Assets/Scripts/Gun.cs
  artifactKey: Guid(5d19572fe95dc3540859d863c02af2ac) Importer(815301076,1909f56bfc062723c751e8b465ee728b)
Start importing Assets/Scripts/Gun.cs using Guid(5d19572fe95dc3540859d863c02af2ac) Importer(815301076,1909f56bfc062723c751e8b465ee728b)  -> (artifact id: '6567fb629d4c1b0f027080e17d37f44c') in 0.001918 seconds 
========================================================================
Received Prepare
Registering precompiled user dll's ...
Registered in 0.001925 seconds.
Begin MonoManager ReloadAssembly
Native extension for WindowsStandalone target not found
Refreshing native plugins compatible for Editor in 0.38 ms, found 2 plugins.
Preloading 0 native plugins for Editor in 0.00 ms.
Mono: successfully reloaded assembly
- Completed reload, in  0.525 seconds
Domain Reload Profiling:
	ReloadAssembly (526ms)
		BeginReloadAssembly (87ms)
			ExecutionOrderSort (0ms)
			DisableScriptedObjects (4ms)
			BackupInstance (0ms)
			ReleaseScriptingObjects (0ms)
			CreateAndSetChildDomain (27ms)
		EndReloadAssembly (403ms)
			LoadAssemblies (57ms)
			RebuildTransferFunctionScriptingTraits (0ms)
			SetupTypeCache (135ms)
			ReleaseScriptCaches (1ms)
			RebuildScriptCaches (23ms)
			SetupLoadedEditorAssemblies (160ms)
				LogAssemblyErrors (0ms)
				InitializePlatformSupportModulesInManaged (3ms)
				SetLoadedEditorAssemblies (0ms)
				RefreshPlugins (0ms)
				BeforeProcessingInitializeOnLoad (44ms)
				ProcessInitializeOnLoadAttributes (104ms)
				ProcessInitializeOnLoadMethodAttributes (4ms)
				AfterProcessingInitializeOnLoad (4ms)
				EditorAssembliesLoaded (0ms)
			ExecutionOrderSort2 (0ms)
			AwakeInstancesAfterBackupRestoration (1ms)
Platform modules already initialized, skipping
Refreshing native plugins compatible for Editor in 0.45 ms, found 2 plugins.
Preloading 0 native plugins for Editor in 0.00 ms.
Unloading 1327 Unused Serialized files (Serialized files now loaded: 0)
System memory in use before: 69.0 MB.
System memory in use after: 69.1 MB.

Unloading 11 unused Assets to reduce memory usage. Loaded Objects now: 1845.
Total: 2.831800 ms (FindLiveObjects: 0.146500 ms CreateObjectMapping: 0.041200 ms MarkObjects: 2.624500 ms  DeleteObjects: 0.018900 ms)

AssetImportParameters requested are different than current active one (requested -> active):
  custom:framework-win-MediaFoundation: 216162199b28c13a410421893ffa2e32 -> 
  custom:video-decoder-ogg-theora: a1e56fd34408186e4bbccfd4996cb3dc -> 
  custom:container-muxer-webm: aa71ff27fc2769a1b78a27578f13a17b -> 
  custom:container-demuxer-webm: 4f35f7cbe854078d1ac9338744f61a02 -> 
  custom:container-demuxer-ogg: 62fdf1f143b41e24485cea50d1cbac27 -> 
  custom:video-encoder-webm-vp8: eb34c28f22e8b96e1ab97ce403110664 -> 
  custom:video-codec-MediaFoundation-h265: 746d11721c4dcdbdad8f713fa42b33f4 -> 
  custom:video-decoder-webm-vp8: 9c59270c3fd7afecdb556c50c9e8de78 -> 
  custom:audio-decoder-ogg-vorbis: bf7c407c2cedff20999df2af8eb42d56 -> 
  custom:audio-encoder-webm-vorbis: bf7c407c2cedff20999df2af8eb42d56 -> 
========================================================================
Received Import Request.
  Time since last request: 29.690044 seconds.
  path: Assets/Prefab/M1Garand.prefab
  artifactKey: Guid(d5ffcaeaaf1aceb428063861db04970d) Importer(815301076,1909f56bfc062723c751e8b465ee728b)
Start importing Assets/Prefab/M1Garand.prefab using Guid(d5ffcaeaaf1aceb428063861db04970d) Importer(815301076,1909f56bfc062723c751e8b465ee728b)  -> (artifact id: 'a0b7f7b003f976cbcedf89496752fccd') in 0.041345 seconds 
========================================================================
Received Prepare
Registering precompiled user dll's ...
Registered in 0.001954 seconds.
Begin MonoManager ReloadAssembly
Native extension for WindowsStandalone target not found
Refreshing native plugins compatible for Editor in 0.34 ms, found 2 plugins.
Preloading 0 native plugins for Editor in 0.00 ms.
Mono: successfully reloaded assembly
- Completed reload, in  0.493 seconds
Domain Reload Profiling:
	ReloadAssembly (494ms)
		BeginReloadAssembly (72ms)
			ExecutionOrderSort (0ms)
			DisableScriptedObjects (2ms)
			BackupInstance (0ms)
			ReleaseScriptingObjects (0ms)
			CreateAndSetChildDomain (20ms)
		EndReloadAssembly (386ms)
			LoadAssemblies (52ms)
			RebuildTransferFunctionScriptingTraits (0ms)
			SetupTypeCache (126ms)
			ReleaseScriptCaches (1ms)
			RebuildScriptCaches (21ms)
			SetupLoadedEditorAssemblies (158ms)
				LogAssemblyErrors (0ms)
				InitializePlatformSupportModulesInManaged (3ms)
				SetLoadedEditorAssemblies (0ms)
				RefreshPlugins (0ms)
				BeforeProcessingInitializeOnLoad (40ms)
				ProcessInitializeOnLoadAttributes (106ms)
				ProcessInitializeOnLoadMethodAttributes (4ms)
				AfterProcessingInitializeOnLoad (4ms)
				EditorAssembliesLoaded (0ms)
			ExecutionOrderSort2 (0ms)
			AwakeInstancesAfterBackupRestoration (1ms)
Platform modules already initialized, skipping
Refreshing native plugins compatible for Editor in 0.47 ms, found 2 plugins.
Preloading 0 native plugins for Editor in 0.00 ms.
Unloading 1327 Unused Serialized files (Serialized files now loaded: 0)
System memory in use before: 69.1 MB.
System memory in use after: 69.2 MB.

Unloading 11 unused Assets to reduce memory usage. Loaded Objects now: 1850.
Total: 1.965100 ms (FindLiveObjects: 0.106600 ms CreateObjectMapping: 0.021200 ms MarkObjects: 1.823100 ms  DeleteObjects: 0.013500 ms)

AssetImportParameters requested are different than current active one (requested -> active):
  custom:framework-win-MediaFoundation: 216162199b28c13a410421893ffa2e32 -> 
  custom:video-decoder-ogg-theora: a1e56fd34408186e4bbccfd4996cb3dc -> 
  custom:container-muxer-webm: aa71ff27fc2769a1b78a27578f13a17b -> 
  custom:container-demuxer-webm: 4f35f7cbe854078d1ac9338744f61a02 -> 
  custom:container-demuxer-ogg: 62fdf1f143b41e24485cea50d1cbac27 -> 
  custom:video-encoder-webm-vp8: eb34c28f22e8b96e1ab97ce403110664 -> 
  custom:video-codec-MediaFoundation-h265: 746d11721c4dcdbdad8f713fa42b33f4 -> 
  custom:video-decoder-webm-vp8: 9c59270c3fd7afecdb556c50c9e8de78 -> 
  custom:audio-decoder-ogg-vorbis: bf7c407c2cedff20999df2af8eb42d56 -> 
  custom:audio-encoder-webm-vorbis: bf7c407c2cedff20999df2af8eb42d56 -> 
========================================================================
Received Import Request.
  Time since last request: 757.835435 seconds.
  path: Assets/Prefab/M1918Bar.prefab
  artifactKey: Guid(50784e904dffc804688f30820d50e3d7) Importer(815301076,1909f56bfc062723c751e8b465ee728b)
Start importing Assets/Prefab/M1918Bar.prefab using Guid(50784e904dffc804688f30820d50e3d7) Importer(815301076,1909f56bfc062723c751e8b465ee728b)  -> (artifact id: 'e8aed84f40f319e99387f40fa216e63b') in 0.054665 seconds 
========================================================================
Received Import Request.
  Time since last request: 15.323553 seconds.
  path: Assets/Prefab/Guns
  artifactKey: Guid(a5fe33485dd3edb45825e13e0f6fd574) Importer(815301076,1909f56bfc062723c751e8b465ee728b)
Start importing Assets/Prefab/Guns using Guid(a5fe33485dd3edb45825e13e0f6fd574) Importer(815301076,1909f56bfc062723c751e8b465ee728b)  -> (artifact id: 'da7e3ba1ce57e17e53c85a72307c88a8') in 0.007479 seconds 
========================================================================
Received Import Request.
  Time since last request: 3.118594 seconds.
  path: Assets/Prefab/M1Garand.prefab
  artifactKey: Guid(d5ffcaeaaf1aceb428063861db04970d) Importer(815301076,1909f56bfc062723c751e8b465ee728b)
Start importing Assets/Prefab/M1Garand.prefab using Guid(d5ffcaeaaf1aceb428063861db04970d) Importer(815301076,1909f56bfc062723c751e8b465ee728b)  -> (artifact id: 'b2f20a9f8154f9255a4fc5de378f0654') in 0.007689 seconds 
========================================================================
Received Import Request.
  Time since last request: 20.406163 seconds.
  path: Assets/Prefab/Bullets
  artifactKey: Guid(1823eb52d3dc56242b2ff9e78f4ac693) Importer(815301076,1909f56bfc062723c751e8b465ee728b)
Start importing Assets/Prefab/Bullets using Guid(1823eb52d3dc56242b2ff9e78f4ac693) Importer(815301076,1909f56bfc062723c751e8b465ee728b)  -> (artifact id: 'ea7e8001599f47789e93030725300363') in 0.007397 seconds 
========================================================================
Received Import Request.
  Time since last request: 5.776644 seconds.
  path: Assets/Prefab/bullet.prefab
  artifactKey: Guid(22191eebe9aa74c49a25dd11f4ff02f0) Importer(815301076,1909f56bfc062723c751e8b465ee728b)
Start importing Assets/Prefab/bullet.prefab using Guid(22191eebe9aa74c49a25dd11f4ff02f0) Importer(815301076,1909f56bfc062723c751e8b465ee728b)  -> (artifact id: '6364eea0a3802819d168e8fc7d1aeb2a') in 0.013180 seconds 
========================================================================
Received Import Request.
  Time since last request: 20.366496 seconds.
  path: Assets/Prefab/Items
  artifactKey: Guid(727da3239023d5e49b41a44fe0ec56fe) Importer(815301076,1909f56bfc062723c751e8b465ee728b)
Start importing Assets/Prefab/Items using Guid(727da3239023d5e49b41a44fe0ec56fe) Importer(815301076,1909f56bfc062723c751e8b465ee728b)  -> (artifact id: '6549f94388921352148e203c95207c90') in 0.007540 seconds 
========================================================================
Received Import Request.
  Time since last request: 2.523677 seconds.
  path: Assets/Prefab/Health.prefab
  artifactKey: Guid(8f7523df8ab45414495dc4b171e1818e) Importer(815301076,1909f56bfc062723c751e8b465ee728b)
Start importing Assets/Prefab/Health.prefab using Guid(8f7523df8ab45414495dc4b171e1818e) Importer(815301076,1909f56bfc062723c751e8b465ee728b)  -> (artifact id: '1b324eaa37bc056c861ebe0cd56934f1') in 0.012000 seconds 
========================================================================
Received Import Request.
  Time since last request: 2.218462 seconds.
  path: Assets/Prefab/HealthPack.prefab
  artifactKey: Guid(0c762045134762e45beee8451bf12451) Importer(815301076,1909f56bfc062723c751e8b465ee728b)
Start importing Assets/Prefab/HealthPack.prefab using Guid(0c762045134762e45beee8451bf12451) Importer(815301076,1909f56bfc062723c751e8b465ee728b)  -> (artifact id: '209813ac97b04fa2fa2efa2fd5238c88') in 0.012858 seconds 
========================================================================
Received Import Request.
  Time since last request: 31.154508 seconds.
  path: Assets/Prefab/Coin.prefab
  artifactKey: Guid(317d3f3526892e640bc7da2d2fbb7e06) Importer(815301076,1909f56bfc062723c751e8b465ee728b)
Start importing Assets/Prefab/Coin.prefab using Guid(317d3f3526892e640bc7da2d2fbb7e06) Importer(815301076,1909f56bfc062723c751e8b465ee728b)  -> (artifact id: 'f555b0b60218dfe1681fbdcee1ed21ab') in 0.014921 seconds 
========================================================================
Received Prepare
Registering precompiled user dll's ...
Registered in 0.002195 seconds.
Begin MonoManager ReloadAssembly
Native extension for WindowsStandalone target not found
Refreshing native plugins compatible for Editor in 0.35 ms, found 2 plugins.
Preloading 0 native plugins for Editor in 0.00 ms.
Mono: successfully reloaded assembly
- Completed reload, in  0.490 seconds
Domain Reload Profiling:
	ReloadAssembly (490ms)
		BeginReloadAssembly (70ms)
			ExecutionOrderSort (0ms)
			DisableScriptedObjects (2ms)
			BackupInstance (0ms)
			ReleaseScriptingObjects (0ms)
			CreateAndSetChildDomain (19ms)
		EndReloadAssembly (387ms)
			LoadAssemblies (52ms)
			RebuildTransferFunctionScriptingTraits (0ms)
			SetupTypeCache (125ms)
			ReleaseScriptCaches (1ms)
			RebuildScriptCaches (21ms)
			SetupLoadedEditorAssemblies (159ms)
				LogAssemblyErrors (0ms)
				InitializePlatformSupportModulesInManaged (3ms)
				SetLoadedEditorAssemblies (0ms)
				RefreshPlugins (0ms)
				BeforeProcessingInitializeOnLoad (43ms)
				ProcessInitializeOnLoadAttributes (104ms)
				ProcessInitializeOnLoadMethodAttributes (4ms)
				AfterProcessingInitializeOnLoad (4ms)
				EditorAssembliesLoaded (0ms)
			ExecutionOrderSort2 (0ms)
			AwakeInstancesAfterBackupRestoration (1ms)
Platform modules already initialized, skipping
Refreshing native plugins compatible for Editor in 0.45 ms, found 2 plugins.
Preloading 0 native plugins for Editor in 0.00 ms.
Unloading 1327 Unused Serialized files (Serialized files now loaded: 0)
System memory in use before: 69.1 MB.
System memory in use after: 69.2 MB.

Unloading 11 unused Assets to reduce memory usage. Loaded Objects now: 1855.
Total: 1.939200 ms (FindLiveObjects: 0.094500 ms CreateObjectMapping: 0.017700 ms MarkObjects: 1.811900 ms  DeleteObjects: 0.014300 ms)

AssetImportParameters requested are different than current active one (requested -> active):
  custom:framework-win-MediaFoundation: 216162199b28c13a410421893ffa2e32 -> 
  custom:video-decoder-ogg-theora: a1e56fd34408186e4bbccfd4996cb3dc -> 
  custom:container-muxer-webm: aa71ff27fc2769a1b78a27578f13a17b -> 
  custom:container-demuxer-webm: 4f35f7cbe854078d1ac9338744f61a02 -> 
  custom:container-demuxer-ogg: 62fdf1f143b41e24485cea50d1cbac27 -> 
  custom:video-encoder-webm-vp8: eb34c28f22e8b96e1ab97ce403110664 -> 
  custom:video-codec-MediaFoundation-h265: 746d11721c4dcdbdad8f713fa42b33f4 -> 
  custom:video-decoder-webm-vp8: 9c59270c3fd7afecdb556c50c9e8de78 -> 
  custom:audio-decoder-ogg-vorbis: bf7c407c2cedff20999df2af8eb42d56 -> 
  custom:audio-encoder-webm-vorbis: bf7c407c2cedff20999df2af8eb42d56 -> 
========================================================================
Received Prepare
Registering precompiled user dll's ...
Registered in 0.001823 seconds.
Begin MonoManager ReloadAssembly
Native extension for WindowsStandalone target not found
Refreshing native plugins compatible for Editor in 0.34 ms, found 2 plugins.
Preloading 0 native plugins for Editor in 0.00 ms.
Mono: successfully reloaded assembly
- Completed reload, in  0.485 seconds
Domain Reload Profiling:
	ReloadAssembly (485ms)
		BeginReloadAssembly (68ms)
			ExecutionOrderSort (0ms)
			DisableScriptedObjects (2ms)
			BackupInstance (0ms)
			ReleaseScriptingObjects (0ms)
			CreateAndSetChildDomain (18ms)
		EndReloadAssembly (385ms)
			LoadAssemblies (50ms)
			RebuildTransferFunctionScriptingTraits (0ms)
			SetupTypeCache (125ms)
			ReleaseScriptCaches (1ms)
			RebuildScriptCaches (21ms)
			SetupLoadedEditorAssemblies (157ms)
				LogAssemblyErrors (0ms)
				InitializePlatformSupportModulesInManaged (3ms)
				SetLoadedEditorAssemblies (0ms)
				RefreshPlugins (0ms)
				BeforeProcessingInitializeOnLoad (41ms)
				ProcessInitializeOnLoadAttributes (104ms)
				ProcessInitializeOnLoadMethodAttributes (4ms)
				AfterProcessingInitializeOnLoad (4ms)
				EditorAssembliesLoaded (0ms)
			ExecutionOrderSort2 (0ms)
			AwakeInstancesAfterBackupRestoration (1ms)
Platform modules already initialized, skipping
Refreshing native plugins compatible for Editor in 0.45 ms, found 2 plugins.
Preloading 0 native plugins for Editor in 0.00 ms.
Unloading 1327 Unused Serialized files (Serialized files now loaded: 0)
System memory in use before: 69.1 MB.
System memory in use after: 69.2 MB.

Unloading 11 unused Assets to reduce memory usage. Loaded Objects now: 1858.
Total: 2.211200 ms (FindLiveObjects: 0.092400 ms CreateObjectMapping: 0.017700 ms MarkObjects: 2.083800 ms  DeleteObjects: 0.016700 ms)

AssetImportParameters requested are different than current active one (requested -> active):
  custom:framework-win-MediaFoundation: 216162199b28c13a410421893ffa2e32 -> 
  custom:video-decoder-ogg-theora: a1e56fd34408186e4bbccfd4996cb3dc -> 
  custom:container-muxer-webm: aa71ff27fc2769a1b78a27578f13a17b -> 
  custom:container-demuxer-webm: 4f35f7cbe854078d1ac9338744f61a02 -> 
  custom:container-demuxer-ogg: 62fdf1f143b41e24485cea50d1cbac27 -> 
  custom:video-encoder-webm-vp8: eb34c28f22e8b96e1ab97ce403110664 -> 
  custom:video-codec-MediaFoundation-h265: 746d11721c4dcdbdad8f713fa42b33f4 -> 
  custom:video-decoder-webm-vp8: 9c59270c3fd7afecdb556c50c9e8de78 -> 
  custom:audio-decoder-ogg-vorbis: bf7c407c2cedff20999df2af8eb42d56 -> 
  custom:audio-encoder-webm-vorbis: bf7c407c2cedff20999df2af8eb42d56 -> 
========================================================================
Received Import Request.
  Time since last request: 345.971872 seconds.
  path: Assets/Scripts/Bullet.cs
  artifactKey: Guid(c130781056d30354d83660578eb1ba30) Importer(815301076,1909f56bfc062723c751e8b465ee728b)
Start importing Assets/Scripts/Bullet.cs using Guid(c130781056d30354d83660578eb1ba30) Importer(815301076,1909f56bfc062723c751e8b465ee728b)  -> (artifact id: '05723b647493ed3583d133bbad46b547') in 0.010648 seconds 
========================================================================
Received Import Request.
  Time since last request: 146.052946 seconds.
  path: Assets/Prefab/Guns/ThompsonM1A1.prefab
  artifactKey: Guid(f5699db50864bde409ced2ff004b98d6) Importer(815301076,1909f56bfc062723c751e8b465ee728b)
Start importing Assets/Prefab/Guns/ThompsonM1A1.prefab using Guid(f5699db50864bde409ced2ff004b98d6) Importer(815301076,1909f56bfc062723c751e8b465ee728b)  -> (artifact id: '44a4708975d294d54808f2c88a85aff2') in 0.061505 seconds 
========================================================================
Received Prepare
Registering precompiled user dll's ...
Registered in 0.001884 seconds.
Begin MonoManager ReloadAssembly
Native extension for WindowsStandalone target not found
Refreshing native plugins compatible for Editor in 0.36 ms, found 2 plugins.
Preloading 0 native plugins for Editor in 0.00 ms.
Mono: successfully reloaded assembly
- Completed reload, in  0.508 seconds
Domain Reload Profiling:
	ReloadAssembly (509ms)
		BeginReloadAssembly (69ms)
			ExecutionOrderSort (0ms)
			DisableScriptedObjects (2ms)
			BackupInstance (0ms)
			ReleaseScriptingObjects (0ms)
			CreateAndSetChildDomain (19ms)
		EndReloadAssembly (406ms)
			LoadAssemblies (51ms)
			RebuildTransferFunctionScriptingTraits (0ms)
			SetupTypeCache (129ms)
			ReleaseScriptCaches (1ms)
			RebuildScriptCaches (22ms)
			SetupLoadedEditorAssemblies (168ms)
				LogAssemblyErrors (0ms)
				InitializePlatformSupportModulesInManaged (3ms)
				SetLoadedEditorAssemblies (0ms)
				RefreshPlugins (0ms)
				BeforeProcessingInitializeOnLoad (46ms)
				ProcessInitializeOnLoadAttributes (109ms)
				ProcessInitializeOnLoadMethodAttributes (5ms)
				AfterProcessingInitializeOnLoad (4ms)
				EditorAssembliesLoaded (0ms)
			ExecutionOrderSort2 (0ms)
			AwakeInstancesAfterBackupRestoration (1ms)
Platform modules already initialized, skipping
Refreshing native plugins compatible for Editor in 0.47 ms, found 2 plugins.
Preloading 0 native plugins for Editor in 0.00 ms.
Unloading 1327 Unused Serialized files (Serialized files now loaded: 0)
System memory in use before: 69.1 MB.
System memory in use after: 69.2 MB.

Unloading 11 unused Assets to reduce memory usage. Loaded Objects now: 1862.
Total: 1.960500 ms (FindLiveObjects: 0.098200 ms CreateObjectMapping: 0.017600 ms MarkObjects: 1.829400 ms  DeleteObjects: 0.014500 ms)

AssetImportParameters requested are different than current active one (requested -> active):
  custom:framework-win-MediaFoundation: 216162199b28c13a410421893ffa2e32 -> 
  custom:video-decoder-ogg-theora: a1e56fd34408186e4bbccfd4996cb3dc -> 
  custom:container-muxer-webm: aa71ff27fc2769a1b78a27578f13a17b -> 
  custom:container-demuxer-webm: 4f35f7cbe854078d1ac9338744f61a02 -> 
  custom:container-demuxer-ogg: 62fdf1f143b41e24485cea50d1cbac27 -> 
  custom:video-encoder-webm-vp8: eb34c28f22e8b96e1ab97ce403110664 -> 
  custom:video-codec-MediaFoundation-h265: 746d11721c4dcdbdad8f713fa42b33f4 -> 
  custom:video-decoder-webm-vp8: 9c59270c3fd7afecdb556c50c9e8de78 -> 
  custom:audio-decoder-ogg-vorbis: bf7c407c2cedff20999df2af8eb42d56 -> 
  custom:audio-encoder-webm-vorbis: bf7c407c2cedff20999df2af8eb42d56 -> 
========================================================================
Received Import Request.
  Time since last request: 526.409405 seconds.
  path: Assets/Prefab/Items/Trap.prefab
  artifactKey: Guid(c25e82261f8b2aa4e84f604c78c41327) Importer(815301076,1909f56bfc062723c751e8b465ee728b)
Start importing Assets/Prefab/Items/Trap.prefab using Guid(c25e82261f8b2aa4e84f604c78c41327) Importer(815301076,1909f56bfc062723c751e8b465ee728b)  -> (artifact id: '37b4569f19f0d886538c86ba31e56bfb') in 0.038972 seconds 
========================================================================
Received Import Request.
  Time since last request: 26.403334 seconds.
  path: Assets/Scripts/Trap.cs
  artifactKey: Guid(0cde0bc4034cf5a488f6f40cc9db1772) Importer(815301076,1909f56bfc062723c751e8b465ee728b)
Start importing Assets/Scripts/Trap.cs using Guid(0cde0bc4034cf5a488f6f40cc9db1772) Importer(815301076,1909f56bfc062723c751e8b465ee728b)  -> (artifact id: 'a627118fafb81cb7207bf236c6dae902') in 0.001623 seconds 
========================================================================
Received Prepare
Registering precompiled user dll's ...
Registered in 0.001801 seconds.
Begin MonoManager ReloadAssembly
Native extension for WindowsStandalone target not found
Refreshing native plugins compatible for Editor in 0.35 ms, found 2 plugins.
Preloading 0 native plugins for Editor in 0.00 ms.
Mono: successfully reloaded assembly
- Completed reload, in  0.493 seconds
Domain Reload Profiling:
	ReloadAssembly (493ms)
		BeginReloadAssembly (69ms)
			ExecutionOrderSort (0ms)
			DisableScriptedObjects (2ms)
			BackupInstance (0ms)
			ReleaseScriptingObjects (0ms)
			CreateAndSetChildDomain (19ms)
		EndReloadAssembly (390ms)
			LoadAssemblies (49ms)
			RebuildTransferFunctionScriptingTraits (0ms)
			SetupTypeCache (129ms)
			ReleaseScriptCaches (1ms)
			RebuildScriptCaches (22ms)
			SetupLoadedEditorAssemblies (156ms)
				LogAssemblyErrors (0ms)
				InitializePlatformSupportModulesInManaged (3ms)
				SetLoadedEditorAssemblies (0ms)
				RefreshPlugins (0ms)
				BeforeProcessingInitializeOnLoad (42ms)
				ProcessInitializeOnLoadAttributes (102ms)
				ProcessInitializeOnLoadMethodAttributes (4ms)
				AfterProcessingInitializeOnLoad (4ms)
				EditorAssembliesLoaded (0ms)
			ExecutionOrderSort2 (0ms)
			AwakeInstancesAfterBackupRestoration (1ms)
Platform modules already initialized, skipping
Refreshing native plugins compatible for Editor in 0.43 ms, found 2 plugins.
Preloading 0 native plugins for Editor in 0.00 ms.
Unloading 1328 Unused Serialized files (Serialized files now loaded: 0)
System memory in use before: 69.1 MB.
System memory in use after: 69.3 MB.

Unloading 11 unused Assets to reduce memory usage. Loaded Objects now: 1867.
Total: 1.858000 ms (FindLiveObjects: 0.095600 ms CreateObjectMapping: 0.019800 ms MarkObjects: 1.728900 ms  DeleteObjects: 0.013100 ms)

AssetImportParameters requested are different than current active one (requested -> active):
  custom:framework-win-MediaFoundation: 216162199b28c13a410421893ffa2e32 -> 
  custom:video-decoder-ogg-theora: a1e56fd34408186e4bbccfd4996cb3dc -> 
  custom:container-muxer-webm: aa71ff27fc2769a1b78a27578f13a17b -> 
  custom:container-demuxer-webm: 4f35f7cbe854078d1ac9338744f61a02 -> 
  custom:container-demuxer-ogg: 62fdf1f143b41e24485cea50d1cbac27 -> 
  custom:video-encoder-webm-vp8: eb34c28f22e8b96e1ab97ce403110664 -> 
  custom:video-codec-MediaFoundation-h265: 746d11721c4dcdbdad8f713fa42b33f4 -> 
  custom:video-decoder-webm-vp8: 9c59270c3fd7afecdb556c50c9e8de78 -> 
  custom:audio-decoder-ogg-vorbis: bf7c407c2cedff20999df2af8eb42d56 -> 
  custom:audio-encoder-webm-vorbis: bf7c407c2cedff20999df2af8eb42d56 -> 
========================================================================
Received Import Request.
  Time since last request: 105.434496 seconds.
  path: Assets/Scripts/Trap.cs
  artifactKey: Guid(0cde0bc4034cf5a488f6f40cc9db1772) Importer(815301076,1909f56bfc062723c751e8b465ee728b)
Start importing Assets/Scripts/Trap.cs using Guid(0cde0bc4034cf5a488f6f40cc9db1772) Importer(815301076,1909f56bfc062723c751e8b465ee728b)  -> (artifact id: '10c895a4b668df0c8abdca16c40741de') in 0.004249 seconds 
========================================================================
Received Import Request.
  Time since last request: 19.310935 seconds.
  path: Assets/Scripts/Trap.cs
  artifactKey: Guid(0cde0bc4034cf5a488f6f40cc9db1772) Importer(815301076,1909f56bfc062723c751e8b465ee728b)
Start importing Assets/Scripts/Trap.cs using Guid(0cde0bc4034cf5a488f6f40cc9db1772) Importer(815301076,1909f56bfc062723c751e8b465ee728b)  -> (artifact id: '3a504f18a425c5fb1cbcf8ea42d47aae') in 0.002023 seconds 
========================================================================
Received Import Request.
  Time since last request: 13.411407 seconds.
  path: Assets/Prefab/Items/Trap.prefab
  artifactKey: Guid(c25e82261f8b2aa4e84f604c78c41327) Importer(815301076,1909f56bfc062723c751e8b465ee728b)
Start importing Assets/Prefab/Items/Trap.prefab using Guid(c25e82261f8b2aa4e84f604c78c41327) Importer(815301076,1909f56bfc062723c751e8b465ee728b)  -> (artifact id: '1c6f652d03596cc606b2a51c6511c0c6') in 0.048242 seconds 
========================================================================
Received Import Request.
  Time since last request: 4.129275 seconds.
  path: Assets/Prefab/Items/Trap.prefab
  artifactKey: Guid(c25e82261f8b2aa4e84f604c78c41327) Importer(815301076,1909f56bfc062723c751e8b465ee728b)
Start importing Assets/Prefab/Items/Trap.prefab using Guid(c25e82261f8b2aa4e84f604c78c41327) Importer(815301076,1909f56bfc062723c751e8b465ee728b)  -> (artifact id: 'a9c60b0a6f08dfcf7539feb6bd43b82e') in 0.009635 seconds 
========================================================================
Received Import Request.
  Time since last request: 326.326954 seconds.
  path: Assets/Scripts/Enemy.cs
  artifactKey: Guid(fe3761f73edffe3429b740b1352b8f03) Importer(815301076,1909f56bfc062723c751e8b465ee728b)
Start importing Assets/Scripts/Enemy.cs using Guid(fe3761f73edffe3429b740b1352b8f03) Importer(815301076,1909f56bfc062723c751e8b465ee728b)  -> (artifact id: '057af00c377c27656a0b0d54bf737eb0') in 0.009302 seconds 
========================================================================
Received Import Request.
  Time since last request: 155.297205 seconds.
  path: Assets/Scripts/Enemy.cs
  artifactKey: Guid(fe3761f73edffe3429b740b1352b8f03) Importer(815301076,1909f56bfc062723c751e8b465ee728b)
Start importing Assets/Scripts/Enemy.cs using Guid(fe3761f73edffe3429b740b1352b8f03) Importer(815301076,1909f56bfc062723c751e8b465ee728b)  -> (artifact id: '6ea110616296852a913ff4958ba04872') in 0.001759 seconds 
========================================================================
Received Prepare
Registering precompiled user dll's ...
Registered in 0.001819 seconds.
Begin MonoManager ReloadAssembly
Native extension for WindowsStandalone target not found
Refreshing native plugins compatible for Editor in 0.37 ms, found 2 plugins.
Preloading 0 native plugins for Editor in 0.00 ms.
Mono: successfully reloaded assembly
- Completed reload, in  0.519 seconds
Domain Reload Profiling:
	ReloadAssembly (519ms)
		BeginReloadAssembly (75ms)
			ExecutionOrderSort (0ms)
			DisableScriptedObjects (3ms)
			BackupInstance (0ms)
			ReleaseScriptingObjects (0ms)
			CreateAndSetChildDomain (22ms)
		EndReloadAssembly (410ms)
			LoadAssemblies (53ms)
			RebuildTransferFunctionScriptingTraits (0ms)
			SetupTypeCache (135ms)
			ReleaseScriptCaches (1ms)
			RebuildScriptCaches (21ms)
			SetupLoadedEditorAssemblies (167ms)
				LogAssemblyErrors (0ms)
				InitializePlatformSupportModulesInManaged (3ms)
				SetLoadedEditorAssemblies (0ms)
				RefreshPlugins (0ms)
				BeforeProcessingInitializeOnLoad (50ms)
				ProcessInitializeOnLoadAttributes (104ms)
				ProcessInitializeOnLoadMethodAttributes (5ms)
				AfterProcessingInitializeOnLoad (4ms)
				EditorAssembliesLoaded (0ms)
			ExecutionOrderSort2 (0ms)
			AwakeInstancesAfterBackupRestoration (1ms)
Platform modules already initialized, skipping
Refreshing native plugins compatible for Editor in 0.62 ms, found 2 plugins.
Preloading 0 native plugins for Editor in 0.00 ms.
Unloading 1328 Unused Serialized files (Serialized files now loaded: 0)
System memory in use before: 69.2 MB.
System memory in use after: 69.3 MB.

Unloading 11 unused Assets to reduce memory usage. Loaded Objects now: 1871.
Total: 2.866600 ms (FindLiveObjects: 0.155800 ms CreateObjectMapping: 0.025200 ms MarkObjects: 2.660200 ms  DeleteObjects: 0.024900 ms)

AssetImportParameters requested are different than current active one (requested -> active):
  custom:framework-win-MediaFoundation: 216162199b28c13a410421893ffa2e32 -> 
  custom:video-decoder-ogg-theora: a1e56fd34408186e4bbccfd4996cb3dc -> 
  custom:container-muxer-webm: aa71ff27fc2769a1b78a27578f13a17b -> 
  custom:container-demuxer-webm: 4f35f7cbe854078d1ac9338744f61a02 -> 
  custom:container-demuxer-ogg: 62fdf1f143b41e24485cea50d1cbac27 -> 
  custom:video-encoder-webm-vp8: eb34c28f22e8b96e1ab97ce403110664 -> 
  custom:video-codec-MediaFoundation-h265: 746d11721c4dcdbdad8f713fa42b33f4 -> 
  custom:video-decoder-webm-vp8: 9c59270c3fd7afecdb556c50c9e8de78 -> 
  custom:audio-decoder-ogg-vorbis: bf7c407c2cedff20999df2af8eb42d56 -> 
  custom:audio-encoder-webm-vorbis: bf7c407c2cedff20999df2af8eb42d56 -> 
========================================================================
Received Import Request.
  Time since last request: 43.173911 seconds.
  path: Assets/Prefab/Items/Trap.prefab
  artifactKey: Guid(c25e82261f8b2aa4e84f604c78c41327) Importer(815301076,1909f56bfc062723c751e8b465ee728b)
Start importing Assets/Prefab/Items/Trap.prefab using Guid(c25e82261f8b2aa4e84f604c78c41327) Importer(815301076,1909f56bfc062723c751e8b465ee728b)  -> (artifact id: '6e4d3bde9a7e5b7c079232261b497daf') in 0.056030 seconds 
========================================================================
Received Import Request.
  Time since last request: 3.990530 seconds.
  path: Assets/Scripts/EnemyHealth.cs
  artifactKey: Guid(7ddb8213776ec2f4a807bb0cc81ddae5) Importer(815301076,1909f56bfc062723c751e8b465ee728b)
Start importing Assets/Scripts/EnemyHealth.cs using Guid(7ddb8213776ec2f4a807bb0cc81ddae5) Importer(815301076,1909f56bfc062723c751e8b465ee728b)  -> (artifact id: '48ee151998da6b007d3dc10ea12909ec') in 0.008506 seconds 
========================================================================
Received Import Request.
  Time since last request: 116.109613 seconds.
  path: Assets/Scripts/EnemyHealth.cs
  artifactKey: Guid(7ddb8213776ec2f4a807bb0cc81ddae5) Importer(815301076,1909f56bfc062723c751e8b465ee728b)
Start importing Assets/Scripts/EnemyHealth.cs using Guid(7ddb8213776ec2f4a807bb0cc81ddae5) Importer(815301076,1909f56bfc062723c751e8b465ee728b)  -> (artifact id: 'b1c1bc761d76476216d0367fdbfb8ada') in 0.002554 seconds 
========================================================================
Received Prepare
Registering precompiled user dll's ...
Registered in 0.001890 seconds.
Begin MonoManager ReloadAssembly
Native extension for WindowsStandalone target not found
Refreshing native plugins compatible for Editor in 0.34 ms, found 2 plugins.
Preloading 0 native plugins for Editor in 0.00 ms.
Mono: successfully reloaded assembly
- Completed reload, in  0.499 seconds
Domain Reload Profiling:
	ReloadAssembly (500ms)
		BeginReloadAssembly (72ms)
			ExecutionOrderSort (0ms)
			DisableScriptedObjects (2ms)
			BackupInstance (0ms)
			ReleaseScriptingObjects (0ms)
			CreateAndSetChildDomain (20ms)
		EndReloadAssembly (392ms)
			LoadAssemblies (52ms)
			RebuildTransferFunctionScriptingTraits (0ms)
			SetupTypeCache (132ms)
			ReleaseScriptCaches (1ms)
			RebuildScriptCaches (22ms)
			SetupLoadedEditorAssemblies (154ms)
				LogAssemblyErrors (0ms)
				InitializePlatformSupportModulesInManaged (3ms)
				SetLoadedEditorAssemblies (0ms)
				RefreshPlugins (0ms)
				BeforeProcessingInitializeOnLoad (41ms)
				ProcessInitializeOnLoadAttributes (101ms)
				ProcessInitializeOnLoadMethodAttributes (4ms)
				AfterProcessingInitializeOnLoad (4ms)
				EditorAssembliesLoaded (0ms)
			ExecutionOrderSort2 (0ms)
			AwakeInstancesAfterBackupRestoration (1ms)
Platform modules already initialized, skipping
Refreshing native plugins compatible for Editor in 0.41 ms, found 2 plugins.
Preloading 0 native plugins for Editor in 0.00 ms.
Unloading 1328 Unused Serialized files (Serialized files now loaded: 0)
System memory in use before: 69.2 MB.
System memory in use after: 69.3 MB.

Unloading 11 unused Assets to reduce memory usage. Loaded Objects now: 1875.
Total: 1.935200 ms (FindLiveObjects: 0.132100 ms CreateObjectMapping: 0.029500 ms MarkObjects: 1.758700 ms  DeleteObjects: 0.014300 ms)

AssetImportParameters requested are different than current active one (requested -> active):
  custom:framework-win-MediaFoundation: 216162199b28c13a410421893ffa2e32 -> 
  custom:video-decoder-ogg-theora: a1e56fd34408186e4bbccfd4996cb3dc -> 
  custom:container-muxer-webm: aa71ff27fc2769a1b78a27578f13a17b -> 
  custom:container-demuxer-webm: 4f35f7cbe854078d1ac9338744f61a02 -> 
  custom:container-demuxer-ogg: 62fdf1f143b41e24485cea50d1cbac27 -> 
  custom:video-encoder-webm-vp8: eb34c28f22e8b96e1ab97ce403110664 -> 
  custom:video-codec-MediaFoundation-h265: 746d11721c4dcdbdad8f713fa42b33f4 -> 
  custom:video-decoder-webm-vp8: 9c59270c3fd7afecdb556c50c9e8de78 -> 
  custom:audio-decoder-ogg-vorbis: bf7c407c2cedff20999df2af8eb42d56 -> 
  custom:audio-encoder-webm-vorbis: bf7c407c2cedff20999df2af8eb42d56 -> 
========================================================================
Received Import Request.
  Time since last request: 240.802989 seconds.
  path: Assets/Scripts/EnemyHealth.cs
  artifactKey: Guid(7ddb8213776ec2f4a807bb0cc81ddae5) Importer(815301076,1909f56bfc062723c751e8b465ee728b)
Start importing Assets/Scripts/EnemyHealth.cs using Guid(7ddb8213776ec2f4a807bb0cc81ddae5) Importer(815301076,1909f56bfc062723c751e8b465ee728b)  -> (artifact id: '1d5c66d124947da0e66c9a5c5e9fa3c2') in 0.005002 seconds 
========================================================================
Received Prepare
Registering precompiled user dll's ...
Registered in 0.002020 seconds.
Begin MonoManager ReloadAssembly
Native extension for WindowsStandalone target not found
Refreshing native plugins compatible for Editor in 0.36 ms, found 2 plugins.
Preloading 0 native plugins for Editor in 0.00 ms.
Mono: successfully reloaded assembly
- Completed reload, in  0.510 seconds
Domain Reload Profiling:
	ReloadAssembly (511ms)
		BeginReloadAssembly (69ms)
			ExecutionOrderSort (0ms)
			DisableScriptedObjects (2ms)
			BackupInstance (0ms)
			ReleaseScriptingObjects (0ms)
			CreateAndSetChildDomain (19ms)
		EndReloadAssembly (406ms)
			LoadAssemblies (50ms)
			RebuildTransferFunctionScriptingTraits (0ms)
			SetupTypeCache (136ms)
			ReleaseScriptCaches (1ms)
			RebuildScriptCaches (27ms)
			SetupLoadedEditorAssemblies (158ms)
				LogAssemblyErrors (0ms)
				InitializePlatformSupportModulesInManaged (3ms)
				SetLoadedEditorAssemblies (0ms)
				RefreshPlugins (0ms)
				BeforeProcessingInitializeOnLoad (43ms)
				ProcessInitializeOnLoadAttributes (102ms)
				ProcessInitializeOnLoadMethodAttributes (5ms)
				AfterProcessingInitializeOnLoad (4ms)
				EditorAssembliesLoaded (0ms)
			ExecutionOrderSort2 (0ms)
			AwakeInstancesAfterBackupRestoration (1ms)
Platform modules already initialized, skipping
Refreshing native plugins compatible for Editor in 0.50 ms, found 2 plugins.
Preloading 0 native plugins for Editor in 0.00 ms.
Unloading 1328 Unused Serialized files (Serialized files now loaded: 0)
System memory in use before: 69.2 MB.
System memory in use after: 69.3 MB.

Unloading 11 unused Assets to reduce memory usage. Loaded Objects now: 1878.
Total: 2.720300 ms (FindLiveObjects: 0.126100 ms CreateObjectMapping: 0.019000 ms MarkObjects: 2.559900 ms  DeleteObjects: 0.014500 ms)

AssetImportParameters requested are different than current active one (requested -> active):
  custom:framework-win-MediaFoundation: 216162199b28c13a410421893ffa2e32 -> 
  custom:video-decoder-ogg-theora: a1e56fd34408186e4bbccfd4996cb3dc -> 
  custom:container-muxer-webm: aa71ff27fc2769a1b78a27578f13a17b -> 
  custom:container-demuxer-webm: 4f35f7cbe854078d1ac9338744f61a02 -> 
  custom:container-demuxer-ogg: 62fdf1f143b41e24485cea50d1cbac27 -> 
  custom:video-encoder-webm-vp8: eb34c28f22e8b96e1ab97ce403110664 -> 
  custom:video-codec-MediaFoundation-h265: 746d11721c4dcdbdad8f713fa42b33f4 -> 
  custom:video-decoder-webm-vp8: 9c59270c3fd7afecdb556c50c9e8de78 -> 
  custom:audio-decoder-ogg-vorbis: bf7c407c2cedff20999df2af8eb42d56 -> 
  custom:audio-encoder-webm-vorbis: bf7c407c2cedff20999df2af8eb42d56 -> 
========================================================================
Received Prepare
Registering precompiled user dll's ...
Registered in 0.001814 seconds.
Begin MonoManager ReloadAssembly
Native extension for WindowsStandalone target not found
Refreshing native plugins compatible for Editor in 0.35 ms, found 2 plugins.
Preloading 0 native plugins for Editor in 0.00 ms.
Mono: successfully reloaded assembly
- Completed reload, in  0.498 seconds
Domain Reload Profiling:
	ReloadAssembly (498ms)
		BeginReloadAssembly (71ms)
			ExecutionOrderSort (0ms)
			DisableScriptedObjects (5ms)
			BackupInstance (0ms)
			ReleaseScriptingObjects (0ms)
			CreateAndSetChildDomain (19ms)
		EndReloadAssembly (392ms)
			LoadAssemblies (51ms)
			RebuildTransferFunctionScriptingTraits (0ms)
			SetupTypeCache (125ms)
			ReleaseScriptCaches (1ms)
			RebuildScriptCaches (21ms)
			SetupLoadedEditorAssemblies (162ms)
				LogAssemblyErrors (0ms)
				InitializePlatformSupportModulesInManaged (3ms)
				SetLoadedEditorAssemblies (0ms)
				RefreshPlugins (0ms)
				BeforeProcessingInitializeOnLoad (43ms)
				ProcessInitializeOnLoadAttributes (107ms)
				ProcessInitializeOnLoadMethodAttributes (4ms)
				AfterProcessingInitializeOnLoad (4ms)
				EditorAssembliesLoaded (0ms)
			ExecutionOrderSort2 (0ms)
			AwakeInstancesAfterBackupRestoration (1ms)
Platform modules already initialized, skipping
Refreshing native plugins compatible for Editor in 0.44 ms, found 2 plugins.
Preloading 0 native plugins for Editor in 0.00 ms.
Unloading 1328 Unused Serialized files (Serialized files now loaded: 0)
System memory in use before: 69.2 MB.
System memory in use after: 69.3 MB.

Unloading 11 unused Assets to reduce memory usage. Loaded Objects now: 1881.
Total: 2.125000 ms (FindLiveObjects: 0.119300 ms CreateObjectMapping: 0.036300 ms MarkObjects: 1.954000 ms  DeleteObjects: 0.014500 ms)

AssetImportParameters requested are different than current active one (requested -> active):
  custom:framework-win-MediaFoundation: 216162199b28c13a410421893ffa2e32 -> 
  custom:video-decoder-ogg-theora: a1e56fd34408186e4bbccfd4996cb3dc -> 
  custom:container-muxer-webm: aa71ff27fc2769a1b78a27578f13a17b -> 
  custom:container-demuxer-webm: 4f35f7cbe854078d1ac9338744f61a02 -> 
  custom:container-demuxer-ogg: 62fdf1f143b41e24485cea50d1cbac27 -> 
  custom:video-encoder-webm-vp8: eb34c28f22e8b96e1ab97ce403110664 -> 
  custom:video-codec-MediaFoundation-h265: 746d11721c4dcdbdad8f713fa42b33f4 -> 
  custom:video-decoder-webm-vp8: 9c59270c3fd7afecdb556c50c9e8de78 -> 
  custom:audio-decoder-ogg-vorbis: bf7c407c2cedff20999df2af8eb42d56 -> 
  custom:audio-encoder-webm-vorbis: bf7c407c2cedff20999df2af8eb42d56 -> 
========================================================================
Received Import Request.
  Time since last request: 151.002217 seconds.
  path: Assets/Scripts/Trap.cs
  artifactKey: Guid(0cde0bc4034cf5a488f6f40cc9db1772) Importer(815301076,1909f56bfc062723c751e8b465ee728b)
Start importing Assets/Scripts/Trap.cs using Guid(0cde0bc4034cf5a488f6f40cc9db1772) Importer(815301076,1909f56bfc062723c751e8b465ee728b)  -> (artifact id: '7af82cf92aa2e26980e11b0ae9e768d7') in 0.003835 seconds 
========================================================================
Received Prepare
Registering precompiled user dll's ...
Registered in 0.001822 seconds.
Begin MonoManager ReloadAssembly
Native extension for WindowsStandalone target not found
Refreshing native plugins compatible for Editor in 0.34 ms, found 2 plugins.
Preloading 0 native plugins for Editor in 0.00 ms.
Mono: successfully reloaded assembly
- Completed reload, in  0.515 seconds
Domain Reload Profiling:
	ReloadAssembly (515ms)
		BeginReloadAssembly (76ms)
			ExecutionOrderSort (0ms)
			DisableScriptedObjects (2ms)
			BackupInstance (0ms)
			ReleaseScriptingObjects (0ms)
			CreateAndSetChildDomain (22ms)
		EndReloadAssembly (404ms)
			LoadAssemblies (54ms)
			RebuildTransferFunctionScriptingTraits (0ms)
			SetupTypeCache (132ms)
			ReleaseScriptCaches (1ms)
			RebuildScriptCaches (22ms)
			SetupLoadedEditorAssemblies (165ms)
				LogAssemblyErrors (0ms)
				InitializePlatformSupportModulesInManaged (3ms)
				SetLoadedEditorAssemblies (0ms)
				RefreshPlugins (0ms)
				BeforeProcessingInitializeOnLoad (42ms)
				ProcessInitializeOnLoadAttributes (110ms)
				ProcessInitializeOnLoadMethodAttributes (5ms)
				AfterProcessingInitializeOnLoad (4ms)
				EditorAssembliesLoaded (0ms)
			ExecutionOrderSort2 (0ms)
			AwakeInstancesAfterBackupRestoration (1ms)
Platform modules already initialized, skipping
Refreshing native plugins compatible for Editor in 0.47 ms, found 2 plugins.
Preloading 0 native plugins for Editor in 0.00 ms.
Unloading 1328 Unused Serialized files (Serialized files now loaded: 0)
System memory in use before: 69.2 MB.
System memory in use after: 69.3 MB.

Unloading 11 unused Assets to reduce memory usage. Loaded Objects now: 1884.
Total: 2.816600 ms (FindLiveObjects: 0.133600 ms CreateObjectMapping: 0.029900 ms MarkObjects: 2.637900 ms  DeleteObjects: 0.014400 ms)

AssetImportParameters requested are different than current active one (requested -> active):
  custom:framework-win-MediaFoundation: 216162199b28c13a410421893ffa2e32 -> 
  custom:video-decoder-ogg-theora: a1e56fd34408186e4bbccfd4996cb3dc -> 
  custom:container-muxer-webm: aa71ff27fc2769a1b78a27578f13a17b -> 
  custom:container-demuxer-webm: 4f35f7cbe854078d1ac9338744f61a02 -> 
  custom:container-demuxer-ogg: 62fdf1f143b41e24485cea50d1cbac27 -> 
  custom:video-encoder-webm-vp8: eb34c28f22e8b96e1ab97ce403110664 -> 
  custom:video-codec-MediaFoundation-h265: 746d11721c4dcdbdad8f713fa42b33f4 -> 
  custom:video-decoder-webm-vp8: 9c59270c3fd7afecdb556c50c9e8de78 -> 
  custom:audio-decoder-ogg-vorbis: bf7c407c2cedff20999df2af8eb42d56 -> 
  custom:audio-encoder-webm-vorbis: bf7c407c2cedff20999df2af8eb42d56 -> 
========================================================================
Received Import Request.
  Time since last request: 131.238135 seconds.
  path: Assets/Scripts/Coin.cs
  artifactKey: Guid(e6c920b4ac3195544a97f5af7985ba88) Importer(815301076,1909f56bfc062723c751e8b465ee728b)
Start importing Assets/Scripts/Coin.cs using Guid(e6c920b4ac3195544a97f5af7985ba88) Importer(815301076,1909f56bfc062723c751e8b465ee728b)  -> (artifact id: '0ad1ed0f09e684e6d4b19d23f9cead2b') in 0.004335 seconds 
========================================================================
Received Import Request.
  Time since last request: 9.257303 seconds.
  path: Assets/Scripts/Coin.cs
  artifactKey: Guid(e6c920b4ac3195544a97f5af7985ba88) Importer(815301076,1909f56bfc062723c751e8b465ee728b)
Start importing Assets/Scripts/Coin.cs using Guid(e6c920b4ac3195544a97f5af7985ba88) Importer(815301076,1909f56bfc062723c751e8b465ee728b)  -> (artifact id: '09d52337e1c62159bb00e215ec797529') in 0.001977 seconds 
========================================================================
Received Prepare
Registering precompiled user dll's ...
Registered in 0.001933 seconds.
Begin MonoManager ReloadAssembly
Native extension for WindowsStandalone target not found
Refreshing native plugins compatible for Editor in 0.34 ms, found 2 plugins.
Preloading 0 native plugins for Editor in 0.00 ms.
Mono: successfully reloaded assembly
- Completed reload, in  0.524 seconds
Domain Reload Profiling:
	ReloadAssembly (524ms)
		BeginReloadAssembly (78ms)
			ExecutionOrderSort (0ms)
			DisableScriptedObjects (2ms)
			BackupInstance (0ms)
			ReleaseScriptingObjects (0ms)
			CreateAndSetChildDomain (24ms)
		EndReloadAssembly (407ms)
			LoadAssemblies (56ms)
			RebuildTransferFunctionScriptingTraits (0ms)
			SetupTypeCache (136ms)
			ReleaseScriptCaches (1ms)
			RebuildScriptCaches (23ms)
			SetupLoadedEditorAssemblies (161ms)
				LogAssemblyErrors (0ms)
				InitializePlatformSupportModulesInManaged (3ms)
				SetLoadedEditorAssemblies (0ms)
				RefreshPlugins (0ms)
				BeforeProcessingInitializeOnLoad (42ms)
				ProcessInitializeOnLoadAttributes (106ms)
				ProcessInitializeOnLoadMethodAttributes (5ms)
				AfterProcessingInitializeOnLoad (5ms)
				EditorAssembliesLoaded (0ms)
			ExecutionOrderSort2 (0ms)
			AwakeInstancesAfterBackupRestoration (1ms)
Platform modules already initialized, skipping
Refreshing native plugins compatible for Editor in 0.52 ms, found 2 plugins.
Preloading 0 native plugins for Editor in 0.00 ms.
Unloading 1328 Unused Serialized files (Serialized files now loaded: 0)
System memory in use before: 69.2 MB.
System memory in use after: 69.3 MB.

Unloading 11 unused Assets to reduce memory usage. Loaded Objects now: 1887.
Total: 2.541300 ms (FindLiveObjects: 0.148800 ms CreateObjectMapping: 0.031800 ms MarkObjects: 2.343100 ms  DeleteObjects: 0.016800 ms)

AssetImportParameters requested are different than current active one (requested -> active):
  custom:framework-win-MediaFoundation: 216162199b28c13a410421893ffa2e32 -> 
  custom:video-decoder-ogg-theora: a1e56fd34408186e4bbccfd4996cb3dc -> 
  custom:container-muxer-webm: aa71ff27fc2769a1b78a27578f13a17b -> 
  custom:container-demuxer-webm: 4f35f7cbe854078d1ac9338744f61a02 -> 
  custom:container-demuxer-ogg: 62fdf1f143b41e24485cea50d1cbac27 -> 
  custom:video-encoder-webm-vp8: eb34c28f22e8b96e1ab97ce403110664 -> 
  custom:video-codec-MediaFoundation-h265: 746d11721c4dcdbdad8f713fa42b33f4 -> 
  custom:video-decoder-webm-vp8: 9c59270c3fd7afecdb556c50c9e8de78 -> 
  custom:audio-decoder-ogg-vorbis: bf7c407c2cedff20999df2af8eb42d56 -> 
  custom:audio-encoder-webm-vorbis: bf7c407c2cedff20999df2af8eb42d56 -> 
========================================================================
Received Import Request.
  Time since last request: 10.688447 seconds.
  path: Assets/Prefab/Items/Coin.prefab
  artifactKey: Guid(317d3f3526892e640bc7da2d2fbb7e06) Importer(815301076,1909f56bfc062723c751e8b465ee728b)
Start importing Assets/Prefab/Items/Coin.prefab using Guid(317d3f3526892e640bc7da2d2fbb7e06) Importer(815301076,1909f56bfc062723c751e8b465ee728b)  -> (artifact id: '159a6c50b93bde0215bf1c92e3a3822e') in 0.032520 seconds 
========================================================================
Received Import Request.
  Time since last request: 74.657546 seconds.
  path: Assets/Scripts/EnemyHealth.cs
  artifactKey: Guid(7ddb8213776ec2f4a807bb0cc81ddae5) Importer(815301076,1909f56bfc062723c751e8b465ee728b)
Start importing Assets/Scripts/EnemyHealth.cs using Guid(7ddb8213776ec2f4a807bb0cc81ddae5) Importer(815301076,1909f56bfc062723c751e8b465ee728b)  -> (artifact id: '1d88948046c861c867374923554628d8') in 0.002007 seconds 
========================================================================
Received Prepare
Registering precompiled user dll's ...
Registered in 0.001982 seconds.
Begin MonoManager ReloadAssembly
Native extension for WindowsStandalone target not found
Refreshing native plugins compatible for Editor in 0.37 ms, found 2 plugins.
Preloading 0 native plugins for Editor in 0.00 ms.
Mono: successfully reloaded assembly
- Completed reload, in  0.517 seconds
Domain Reload Profiling:
	ReloadAssembly (517ms)
		BeginReloadAssembly (71ms)
			ExecutionOrderSort (0ms)
			DisableScriptedObjects (3ms)
			BackupInstance (0ms)
			ReleaseScriptingObjects (0ms)
			CreateAndSetChildDomain (20ms)
		EndReloadAssembly (410ms)
			LoadAssemblies (51ms)
			RebuildTransferFunctionScriptingTraits (0ms)
			SetupTypeCache (141ms)
			ReleaseScriptCaches (1ms)
			RebuildScriptCaches (25ms)
			SetupLoadedEditorAssemblies (158ms)
				LogAssemblyErrors (0ms)
				InitializePlatformSupportModulesInManaged (3ms)
				SetLoadedEditorAssemblies (0ms)
				RefreshPlugins (0ms)
				BeforeProcessingInitializeOnLoad (43ms)
				ProcessInitializeOnLoadAttributes (102ms)
				ProcessInitializeOnLoadMethodAttributes (4ms)
				AfterProcessingInitializeOnLoad (4ms)
				EditorAssembliesLoaded (0ms)
			ExecutionOrderSort2 (0ms)
			AwakeInstancesAfterBackupRestoration (1ms)
Platform modules already initialized, skipping
Refreshing native plugins compatible for Editor in 0.45 ms, found 2 plugins.
Preloading 0 native plugins for Editor in 0.00 ms.
Unloading 1328 Unused Serialized files (Serialized files now loaded: 0)
System memory in use before: 69.2 MB.
System memory in use after: 69.3 MB.

Unloading 11 unused Assets to reduce memory usage. Loaded Objects now: 1891.
Total: 2.227200 ms (FindLiveObjects: 0.100000 ms CreateObjectMapping: 0.018100 ms MarkObjects: 2.086300 ms  DeleteObjects: 0.022300 ms)

AssetImportParameters requested are different than current active one (requested -> active):
  custom:framework-win-MediaFoundation: 216162199b28c13a410421893ffa2e32 -> 
  custom:video-decoder-ogg-theora: a1e56fd34408186e4bbccfd4996cb3dc -> 
  custom:container-muxer-webm: aa71ff27fc2769a1b78a27578f13a17b -> 
  custom:container-demuxer-webm: 4f35f7cbe854078d1ac9338744f61a02 -> 
  custom:container-demuxer-ogg: 62fdf1f143b41e24485cea50d1cbac27 -> 
  custom:video-encoder-webm-vp8: eb34c28f22e8b96e1ab97ce403110664 -> 
  custom:video-codec-MediaFoundation-h265: 746d11721c4dcdbdad8f713fa42b33f4 -> 
  custom:video-decoder-webm-vp8: 9c59270c3fd7afecdb556c50c9e8de78 -> 
  custom:audio-decoder-ogg-vorbis: bf7c407c2cedff20999df2af8eb42d56 -> 
  custom:audio-encoder-webm-vorbis: bf7c407c2cedff20999df2af8eb42d56 -> 
========================================================================
Received Prepare
Registering precompiled user dll's ...
Registered in 0.001910 seconds.
Begin MonoManager ReloadAssembly
Native extension for WindowsStandalone target not found
Refreshing native plugins compatible for Editor in 0.38 ms, found 2 plugins.
Preloading 0 native plugins for Editor in 0.00 ms.
Mono: successfully reloaded assembly
- Completed reload, in  0.492 seconds
Domain Reload Profiling:
	ReloadAssembly (492ms)
		BeginReloadAssembly (68ms)
			ExecutionOrderSort (0ms)
			DisableScriptedObjects (2ms)
			BackupInstance (0ms)
			ReleaseScriptingObjects (0ms)
			CreateAndSetChildDomain (19ms)
		EndReloadAssembly (391ms)
			LoadAssemblies (49ms)
			RebuildTransferFunctionScriptingTraits (0ms)
			SetupTypeCache (129ms)
			ReleaseScriptCaches (1ms)
			RebuildScriptCaches (22ms)
			SetupLoadedEditorAssemblies (159ms)
				LogAssemblyErrors (0ms)
				InitializePlatformSupportModulesInManaged (3ms)
				SetLoadedEditorAssemblies (0ms)
				RefreshPlugins (0ms)
				BeforeProcessingInitializeOnLoad (42ms)
				ProcessInitializeOnLoadAttributes (106ms)
				ProcessInitializeOnLoadMethodAttributes (4ms)
				AfterProcessingInitializeOnLoad (4ms)
				EditorAssembliesLoaded (0ms)
			ExecutionOrderSort2 (0ms)
			AwakeInstancesAfterBackupRestoration (1ms)
Platform modules already initialized, skipping
Refreshing native plugins compatible for Editor in 0.44 ms, found 2 plugins.
Preloading 0 native plugins for Editor in 0.00 ms.
Unloading 1328 Unused Serialized files (Serialized files now loaded: 0)
System memory in use before: 69.2 MB.
System memory in use after: 69.3 MB.

Unloading 11 unused Assets to reduce memory usage. Loaded Objects now: 1894.
Total: 1.804100 ms (FindLiveObjects: 0.099400 ms CreateObjectMapping: 0.018600 ms MarkObjects: 1.668000 ms  DeleteObjects: 0.017500 ms)

AssetImportParameters requested are different than current active one (requested -> active):
  custom:framework-win-MediaFoundation: 216162199b28c13a410421893ffa2e32 -> 
  custom:video-decoder-ogg-theora: a1e56fd34408186e4bbccfd4996cb3dc -> 
  custom:container-muxer-webm: aa71ff27fc2769a1b78a27578f13a17b -> 
  custom:container-demuxer-webm: 4f35f7cbe854078d1ac9338744f61a02 -> 
  custom:container-demuxer-ogg: 62fdf1f143b41e24485cea50d1cbac27 -> 
  custom:video-encoder-webm-vp8: eb34c28f22e8b96e1ab97ce403110664 -> 
  custom:video-codec-MediaFoundation-h265: 746d11721c4dcdbdad8f713fa42b33f4 -> 
  custom:video-decoder-webm-vp8: 9c59270c3fd7afecdb556c50c9e8de78 -> 
  custom:audio-decoder-ogg-vorbis: bf7c407c2cedff20999df2af8eb42d56 -> 
  custom:audio-encoder-webm-vorbis: bf7c407c2cedff20999df2af8eb42d56 -> 
========================================================================
Received Import Request.
  Time since last request: 266.300590 seconds.
  path: Assets/Prefab/Items/LootBox.prefab
  artifactKey: Guid(61e5ced7043cead4c80fcc5443ef9744) Importer(815301076,1909f56bfc062723c751e8b465ee728b)
Start importing Assets/Prefab/Items/LootBox.prefab using Guid(61e5ced7043cead4c80fcc5443ef9744) Importer(815301076,1909f56bfc062723c751e8b465ee728b)  -> (artifact id: 'cf87000237dee285c501cb1314c35a9d') in 0.036838 seconds 
========================================================================
Received Import Request.
  Time since last request: 38.183672 seconds.
  path: Assets/Scripts/LootBox.cs
  artifactKey: Guid(cb4402caab90ce347b86468107035f8c) Importer(815301076,1909f56bfc062723c751e8b465ee728b)
Start importing Assets/Scripts/LootBox.cs using Guid(cb4402caab90ce347b86468107035f8c) Importer(815301076,1909f56bfc062723c751e8b465ee728b)  -> (artifact id: '2520535de455a9086daf0d5e8a17f38f') in 0.001569 seconds 
========================================================================
Received Prepare
Registering precompiled user dll's ...
Registered in 0.001892 seconds.
Begin MonoManager ReloadAssembly
Native extension for WindowsStandalone target not found
Refreshing native plugins compatible for Editor in 0.38 ms, found 2 plugins.
Preloading 0 native plugins for Editor in 0.00 ms.
Mono: successfully reloaded assembly
- Completed reload, in  0.502 seconds
Domain Reload Profiling:
	ReloadAssembly (502ms)
		BeginReloadAssembly (69ms)
			ExecutionOrderSort (0ms)
			DisableScriptedObjects (2ms)
			BackupInstance (0ms)
			ReleaseScriptingObjects (0ms)
			CreateAndSetChildDomain (19ms)
		EndReloadAssembly (392ms)
			LoadAssemblies (51ms)
			RebuildTransferFunctionScriptingTraits (0ms)
			SetupTypeCache (129ms)
			ReleaseScriptCaches (1ms)
			RebuildScriptCaches (22ms)
			SetupLoadedEditorAssemblies (156ms)
				LogAssemblyErrors (0ms)
				InitializePlatformSupportModulesInManaged (3ms)
				SetLoadedEditorAssemblies (0ms)
				RefreshPlugins (0ms)
				BeforeProcessingInitializeOnLoad (42ms)
				ProcessInitializeOnLoadAttributes (103ms)
				ProcessInitializeOnLoadMethodAttributes (4ms)
				AfterProcessingInitializeOnLoad (4ms)
				EditorAssembliesLoaded (0ms)
			ExecutionOrderSort2 (0ms)
			AwakeInstancesAfterBackupRestoration (1ms)
Platform modules already initialized, skipping
Refreshing native plugins compatible for Editor in 0.48 ms, found 2 plugins.
Preloading 0 native plugins for Editor in 0.00 ms.
Unloading 1329 Unused Serialized files (Serialized files now loaded: 0)
System memory in use before: 69.2 MB.
System memory in use after: 69.3 MB.

Unloading 12 unused Assets to reduce memory usage. Loaded Objects now: 1899.
Total: 1.835300 ms (FindLiveObjects: 0.094900 ms CreateObjectMapping: 0.023300 ms MarkObjects: 1.700400 ms  DeleteObjects: 0.016300 ms)

AssetImportParameters requested are different than current active one (requested -> active):
  custom:framework-win-MediaFoundation: 216162199b28c13a410421893ffa2e32 -> 
  custom:video-decoder-ogg-theora: a1e56fd34408186e4bbccfd4996cb3dc -> 
  custom:container-muxer-webm: aa71ff27fc2769a1b78a27578f13a17b -> 
  custom:container-demuxer-webm: 4f35f7cbe854078d1ac9338744f61a02 -> 
  custom:container-demuxer-ogg: 62fdf1f143b41e24485cea50d1cbac27 -> 
  custom:video-encoder-webm-vp8: eb34c28f22e8b96e1ab97ce403110664 -> 
  custom:video-codec-MediaFoundation-h265: 746d11721c4dcdbdad8f713fa42b33f4 -> 
  custom:video-decoder-webm-vp8: 9c59270c3fd7afecdb556c50c9e8de78 -> 
  custom:audio-decoder-ogg-vorbis: bf7c407c2cedff20999df2af8eb42d56 -> 
  custom:audio-encoder-webm-vorbis: bf7c407c2cedff20999df2af8eb42d56 -> 
========================================================================
Received Import Request.
  Time since last request: 1.992026 seconds.
  path: Assets/Scripts/HealthPack.cs
  artifactKey: Guid(2f39d51ba64edab459f77125bcfabe2c) Importer(815301076,1909f56bfc062723c751e8b465ee728b)
Start importing Assets/Scripts/HealthPack.cs using Guid(2f39d51ba64edab459f77125bcfabe2c) Importer(815301076,1909f56bfc062723c751e8b465ee728b)  -> (artifact id: 'a8f46c7f995eea599db128ea069b6025') in 0.003730 seconds 
========================================================================
Received Import Request.
  Time since last request: 14.442708 seconds.
  path: Assets/Scripts/LootBox.cs
  artifactKey: Guid(cb4402caab90ce347b86468107035f8c) Importer(815301076,1909f56bfc062723c751e8b465ee728b)
Start importing Assets/Scripts/LootBox.cs using Guid(cb4402caab90ce347b86468107035f8c) Importer(815301076,1909f56bfc062723c751e8b465ee728b)  -> (artifact id: '5a4dcd6056ff5967affbb736a4d98276') in 0.002075 seconds 
========================================================================
Received Prepare
Registering precompiled user dll's ...
Registered in 0.002083 seconds.
Begin MonoManager ReloadAssembly
Native extension for WindowsStandalone target not found
Refreshing native plugins compatible for Editor in 0.40 ms, found 2 plugins.
Preloading 0 native plugins for Editor in 0.00 ms.
Mono: successfully reloaded assembly
- Completed reload, in  0.513 seconds
Domain Reload Profiling:
	ReloadAssembly (514ms)
		BeginReloadAssembly (73ms)
			ExecutionOrderSort (0ms)
			DisableScriptedObjects (3ms)
			BackupInstance (0ms)
			ReleaseScriptingObjects (0ms)
			CreateAndSetChildDomain (19ms)
		EndReloadAssembly (406ms)
			LoadAssemblies (52ms)
			RebuildTransferFunctionScriptingTraits (0ms)
			SetupTypeCache (134ms)
			ReleaseScriptCaches (1ms)
			RebuildScriptCaches (23ms)
			SetupLoadedEditorAssemblies (166ms)
				LogAssemblyErrors (0ms)
				InitializePlatformSupportModulesInManaged (3ms)
				SetLoadedEditorAssemblies (0ms)
				RefreshPlugins (0ms)
				BeforeProcessingInitializeOnLoad (43ms)
				ProcessInitializeOnLoadAttributes (108ms)
				ProcessInitializeOnLoadMethodAttributes (6ms)
				AfterProcessingInitializeOnLoad (6ms)
				EditorAssembliesLoaded (0ms)
			ExecutionOrderSort2 (0ms)
			AwakeInstancesAfterBackupRestoration (1ms)
Platform modules already initialized, skipping
Refreshing native plugins compatible for Editor in 0.50 ms, found 2 plugins.
Preloading 0 native plugins for Editor in 0.00 ms.
Unloading 1329 Unused Serialized files (Serialized files now loaded: 0)
System memory in use before: 69.2 MB.
System memory in use after: 69.3 MB.

Unloading 11 unused Assets to reduce memory usage. Loaded Objects now: 1902.
Total: 2.083300 ms (FindLiveObjects: 0.111600 ms CreateObjectMapping: 0.021300 ms MarkObjects: 1.929000 ms  DeleteObjects: 0.020700 ms)

AssetImportParameters requested are different than current active one (requested -> active):
  custom:framework-win-MediaFoundation: 216162199b28c13a410421893ffa2e32 -> 
  custom:video-decoder-ogg-theora: a1e56fd34408186e4bbccfd4996cb3dc -> 
  custom:container-muxer-webm: aa71ff27fc2769a1b78a27578f13a17b -> 
  custom:container-demuxer-webm: 4f35f7cbe854078d1ac9338744f61a02 -> 
  custom:container-demuxer-ogg: 62fdf1f143b41e24485cea50d1cbac27 -> 
  custom:video-encoder-webm-vp8: eb34c28f22e8b96e1ab97ce403110664 -> 
  custom:video-codec-MediaFoundation-h265: 746d11721c4dcdbdad8f713fa42b33f4 -> 
  custom:video-decoder-webm-vp8: 9c59270c3fd7afecdb556c50c9e8de78 -> 
  custom:audio-decoder-ogg-vorbis: bf7c407c2cedff20999df2af8eb42d56 -> 
  custom:audio-encoder-webm-vorbis: bf7c407c2cedff20999df2af8eb42d56 -> 
========================================================================
Received Import Request.
  Time since last request: 144.826778 seconds.
  path: Assets/Scripts/EnemyHealth.cs
  artifactKey: Guid(7ddb8213776ec2f4a807bb0cc81ddae5) Importer(815301076,1909f56bfc062723c751e8b465ee728b)
Start importing Assets/Scripts/EnemyHealth.cs using Guid(7ddb8213776ec2f4a807bb0cc81ddae5) Importer(815301076,1909f56bfc062723c751e8b465ee728b)  -> (artifact id: 'dfbdf4d8bc4972f44de91134815aceb5') in 0.004022 seconds 
========================================================================
Received Prepare
Registering precompiled user dll's ...
Registered in 0.001937 seconds.
Begin MonoManager ReloadAssembly
Native extension for WindowsStandalone target not found
Refreshing native plugins compatible for Editor in 0.39 ms, found 2 plugins.
Preloading 0 native plugins for Editor in 0.00 ms.
Mono: successfully reloaded assembly
- Completed reload, in  0.531 seconds
Domain Reload Profiling:
	ReloadAssembly (532ms)
		BeginReloadAssembly (72ms)
			ExecutionOrderSort (0ms)
			DisableScriptedObjects (2ms)
			BackupInstance (0ms)
			ReleaseScriptingObjects (0ms)
			CreateAndSetChildDomain (20ms)
		EndReloadAssembly (425ms)
			LoadAssemblies (51ms)
			RebuildTransferFunctionScriptingTraits (0ms)
			SetupTypeCache (138ms)
			ReleaseScriptCaches (1ms)
			RebuildScriptCaches (31ms)
			SetupLoadedEditorAssemblies (162ms)
				LogAssemblyErrors (0ms)
				InitializePlatformSupportModulesInManaged (3ms)
				SetLoadedEditorAssemblies (0ms)
				RefreshPlugins (0ms)
				BeforeProcessingInitializeOnLoad (44ms)
				ProcessInitializeOnLoadAttributes (106ms)
				ProcessInitializeOnLoadMethodAttributes (5ms)
				AfterProcessingInitializeOnLoad (4ms)
				EditorAssembliesLoaded (0ms)
			ExecutionOrderSort2 (0ms)
			AwakeInstancesAfterBackupRestoration (1ms)
Platform modules already initialized, skipping
Refreshing native plugins compatible for Editor in 0.39 ms, found 2 plugins.
Preloading 0 native plugins for Editor in 0.00 ms.
Unloading 1329 Unused Serialized files (Serialized files now loaded: 0)
System memory in use before: 69.2 MB.
System memory in use after: 69.4 MB.

Unloading 11 unused Assets to reduce memory usage. Loaded Objects now: 1905.
Total: 2.453200 ms (FindLiveObjects: 0.132100 ms CreateObjectMapping: 0.030300 ms MarkObjects: 2.272700 ms  DeleteObjects: 0.017400 ms)

AssetImportParameters requested are different than current active one (requested -> active):
  custom:framework-win-MediaFoundation: 216162199b28c13a410421893ffa2e32 -> 
  custom:video-decoder-ogg-theora: a1e56fd34408186e4bbccfd4996cb3dc -> 
  custom:container-muxer-webm: aa71ff27fc2769a1b78a27578f13a17b -> 
  custom:container-demuxer-webm: 4f35f7cbe854078d1ac9338744f61a02 -> 
  custom:container-demuxer-ogg: 62fdf1f143b41e24485cea50d1cbac27 -> 
  custom:video-encoder-webm-vp8: eb34c28f22e8b96e1ab97ce403110664 -> 
  custom:video-codec-MediaFoundation-h265: 746d11721c4dcdbdad8f713fa42b33f4 -> 
  custom:video-decoder-webm-vp8: 9c59270c3fd7afecdb556c50c9e8de78 -> 
  custom:audio-decoder-ogg-vorbis: bf7c407c2cedff20999df2af8eb42d56 -> 
  custom:audio-encoder-webm-vorbis: bf7c407c2cedff20999df2af8eb42d56 -> 
========================================================================
Received Import Request.
  Time since last request: 48.003681 seconds.
  path: Assets/Scripts/EnemyHealth.cs
  artifactKey: Guid(7ddb8213776ec2f4a807bb0cc81ddae5) Importer(815301076,1909f56bfc062723c751e8b465ee728b)
Start importing Assets/Scripts/EnemyHealth.cs using Guid(7ddb8213776ec2f4a807bb0cc81ddae5) Importer(815301076,1909f56bfc062723c751e8b465ee728b)  -> (artifact id: '635d327c5697852f19db68dd49373b18') in 0.003835 seconds 
========================================================================
Received Prepare
Registering precompiled user dll's ...
Registered in 0.001973 seconds.
Begin MonoManager ReloadAssembly
Native extension for WindowsStandalone target not found
Refreshing native plugins compatible for Editor in 0.48 ms, found 2 plugins.
Preloading 0 native plugins for Editor in 0.00 ms.
Mono: successfully reloaded assembly
- Completed reload, in  0.521 seconds
Domain Reload Profiling:
	ReloadAssembly (521ms)
		BeginReloadAssembly (73ms)
			ExecutionOrderSort (0ms)
			DisableScriptedObjects (2ms)
			BackupInstance (0ms)
			ReleaseScriptingObjects (0ms)
			CreateAndSetChildDomain (21ms)
		EndReloadAssembly (413ms)
			LoadAssemblies (53ms)
			RebuildTransferFunctionScriptingTraits (0ms)
			SetupTypeCache (135ms)
			ReleaseScriptCaches (1ms)
			RebuildScriptCaches (22ms)
			SetupLoadedEditorAssemblies (169ms)
				LogAssemblyErrors (0ms)
				InitializePlatformSupportModulesInManaged (3ms)
				SetLoadedEditorAssemblies (0ms)
				RefreshPlugins (1ms)
				BeforeProcessingInitializeOnLoad (42ms)
				ProcessInitializeOnLoadAttributes (114ms)
				ProcessInitializeOnLoadMethodAttributes (5ms)
				AfterProcessingInitializeOnLoad (5ms)
				EditorAssembliesLoaded (0ms)
			ExecutionOrderSort2 (0ms)
			AwakeInstancesAfterBackupRestoration (1ms)
Platform modules already initialized, skipping
Refreshing native plugins compatible for Editor in 0.51 ms, found 2 plugins.
Preloading 0 native plugins for Editor in 0.00 ms.
Unloading 1329 Unused Serialized files (Serialized files now loaded: 0)
System memory in use before: 69.2 MB.
System memory in use after: 69.4 MB.

Unloading 11 unused Assets to reduce memory usage. Loaded Objects now: 1908.
Total: 2.596800 ms (FindLiveObjects: 0.150300 ms CreateObjectMapping: 0.028100 ms MarkObjects: 2.401200 ms  DeleteObjects: 0.016400 ms)

AssetImportParameters requested are different than current active one (requested -> active):
  custom:framework-win-MediaFoundation: 216162199b28c13a410421893ffa2e32 -> 
  custom:video-decoder-ogg-theora: a1e56fd34408186e4bbccfd4996cb3dc -> 
  custom:container-muxer-webm: aa71ff27fc2769a1b78a27578f13a17b -> 
  custom:container-demuxer-webm: 4f35f7cbe854078d1ac9338744f61a02 -> 
  custom:container-demuxer-ogg: 62fdf1f143b41e24485cea50d1cbac27 -> 
  custom:video-encoder-webm-vp8: eb34c28f22e8b96e1ab97ce403110664 -> 
  custom:video-codec-MediaFoundation-h265: 746d11721c4dcdbdad8f713fa42b33f4 -> 
  custom:video-decoder-webm-vp8: 9c59270c3fd7afecdb556c50c9e8de78 -> 
  custom:audio-decoder-ogg-vorbis: bf7c407c2cedff20999df2af8eb42d56 -> 
  custom:audio-encoder-webm-vorbis: bf7c407c2cedff20999df2af8eb42d56 -> 
========================================================================
Received Prepare
Registering precompiled user dll's ...
Registered in 0.001968 seconds.
Begin MonoManager ReloadAssembly
Native extension for WindowsStandalone target not found
Refreshing native plugins compatible for Editor in 0.35 ms, found 2 plugins.
Preloading 0 native plugins for Editor in 0.00 ms.
Mono: successfully reloaded assembly
- Completed reload, in  0.496 seconds
Domain Reload Profiling:
	ReloadAssembly (496ms)
		BeginReloadAssembly (66ms)
			ExecutionOrderSort (0ms)
			DisableScriptedObjects (2ms)
			BackupInstance (0ms)
			ReleaseScriptingObjects (0ms)
			CreateAndSetChildDomain (18ms)
		EndReloadAssembly (398ms)
			LoadAssemblies (48ms)
			RebuildTransferFunctionScriptingTraits (0ms)
			SetupTypeCache (124ms)
			ReleaseScriptCaches (1ms)
			RebuildScriptCaches (23ms)
			SetupLoadedEditorAssemblies (167ms)
				LogAssemblyErrors (0ms)
				InitializePlatformSupportModulesInManaged (3ms)
				SetLoadedEditorAssemblies (0ms)
				RefreshPlugins (0ms)
				BeforeProcessingInitializeOnLoad (46ms)
				ProcessInitializeOnLoadAttributes (109ms)
				ProcessInitializeOnLoadMethodAttributes (5ms)
				AfterProcessingInitializeOnLoad (4ms)
				EditorAssembliesLoaded (0ms)
			ExecutionOrderSort2 (0ms)
			AwakeInstancesAfterBackupRestoration (1ms)
Platform modules already initialized, skipping
Refreshing native plugins compatible for Editor in 0.49 ms, found 2 plugins.
Preloading 0 native plugins for Editor in 0.00 ms.
Unloading 1329 Unused Serialized files (Serialized files now loaded: 0)
System memory in use before: 69.3 MB.
System memory in use after: 69.4 MB.

Unloading 11 unused Assets to reduce memory usage. Loaded Objects now: 1911.
Total: 2.597200 ms (FindLiveObjects: 0.144000 ms CreateObjectMapping: 0.024100 ms MarkObjects: 2.415300 ms  DeleteObjects: 0.013100 ms)

AssetImportParameters requested are different than current active one (requested -> active):
  custom:framework-win-MediaFoundation: 216162199b28c13a410421893ffa2e32 -> 
  custom:video-decoder-ogg-theora: a1e56fd34408186e4bbccfd4996cb3dc -> 
  custom:container-muxer-webm: aa71ff27fc2769a1b78a27578f13a17b -> 
  custom:container-demuxer-webm: 4f35f7cbe854078d1ac9338744f61a02 -> 
  custom:container-demuxer-ogg: 62fdf1f143b41e24485cea50d1cbac27 -> 
  custom:video-encoder-webm-vp8: eb34c28f22e8b96e1ab97ce403110664 -> 
  custom:video-codec-MediaFoundation-h265: 746d11721c4dcdbdad8f713fa42b33f4 -> 
  custom:video-decoder-webm-vp8: 9c59270c3fd7afecdb556c50c9e8de78 -> 
  custom:audio-decoder-ogg-vorbis: bf7c407c2cedff20999df2af8eb42d56 -> 
  custom:audio-encoder-webm-vorbis: bf7c407c2cedff20999df2af8eb42d56 -> 
========================================================================
Received Prepare
Registering precompiled user dll's ...
Registered in 0.001917 seconds.
Begin MonoManager ReloadAssembly
Native extension for WindowsStandalone target not found
Refreshing native plugins compatible for Editor in 0.37 ms, found 2 plugins.
Preloading 0 native plugins for Editor in 0.00 ms.
Mono: successfully reloaded assembly
- Completed reload, in  0.550 seconds
Domain Reload Profiling:
	ReloadAssembly (550ms)
		BeginReloadAssembly (76ms)
			ExecutionOrderSort (0ms)
			DisableScriptedObjects (2ms)
			BackupInstance (0ms)
			ReleaseScriptingObjects (0ms)
			CreateAndSetChildDomain (22ms)
		EndReloadAssembly (439ms)
			LoadAssemblies (54ms)
			RebuildTransferFunctionScriptingTraits (0ms)
			SetupTypeCache (162ms)
			ReleaseScriptCaches (1ms)
			RebuildScriptCaches (23ms)
			SetupLoadedEditorAssemblies (166ms)
				LogAssemblyErrors (0ms)
				InitializePlatformSupportModulesInManaged (3ms)
				SetLoadedEditorAssemblies (0ms)
				RefreshPlugins (0ms)
				BeforeProcessingInitializeOnLoad (44ms)
				ProcessInitializeOnLoadAttributes (109ms)
				ProcessInitializeOnLoadMethodAttributes (4ms)
				AfterProcessingInitializeOnLoad (4ms)
				EditorAssembliesLoaded (0ms)
			ExecutionOrderSort2 (0ms)
			AwakeInstancesAfterBackupRestoration (1ms)
Platform modules already initialized, skipping
Refreshing native plugins compatible for Editor in 0.52 ms, found 2 plugins.
Preloading 0 native plugins for Editor in 0.00 ms.
Unloading 1329 Unused Serialized files (Serialized files now loaded: 0)
System memory in use before: 69.3 MB.
System memory in use after: 69.4 MB.

Unloading 11 unused Assets to reduce memory usage. Loaded Objects now: 1914.
Total: 2.614100 ms (FindLiveObjects: 0.162300 ms CreateObjectMapping: 0.031100 ms MarkObjects: 2.396000 ms  DeleteObjects: 0.024100 ms)

AssetImportParameters requested are different than current active one (requested -> active):
  custom:framework-win-MediaFoundation: 216162199b28c13a410421893ffa2e32 -> 
  custom:video-decoder-ogg-theora: a1e56fd34408186e4bbccfd4996cb3dc -> 
  custom:container-muxer-webm: aa71ff27fc2769a1b78a27578f13a17b -> 
  custom:container-demuxer-webm: 4f35f7cbe854078d1ac9338744f61a02 -> 
  custom:container-demuxer-ogg: 62fdf1f143b41e24485cea50d1cbac27 -> 
  custom:video-encoder-webm-vp8: eb34c28f22e8b96e1ab97ce403110664 -> 
  custom:video-codec-MediaFoundation-h265: 746d11721c4dcdbdad8f713fa42b33f4 -> 
  custom:video-decoder-webm-vp8: 9c59270c3fd7afecdb556c50c9e8de78 -> 
  custom:audio-decoder-ogg-vorbis: bf7c407c2cedff20999df2af8eb42d56 -> 
  custom:audio-encoder-webm-vorbis: bf7c407c2cedff20999df2af8eb42d56 -> 
========================================================================
Received Import Request.
  Time since last request: 299.062477 seconds.
  path: Assets/Scripts/LootBox.cs
  artifactKey: Guid(cb4402caab90ce347b86468107035f8c) Importer(815301076,1909f56bfc062723c751e8b465ee728b)
Start importing Assets/Scripts/LootBox.cs using Guid(cb4402caab90ce347b86468107035f8c) Importer(815301076,1909f56bfc062723c751e8b465ee728b)  -> (artifact id: '78764d7afc4454223211accfe10d89bc') in 0.005067 seconds 
========================================================================
Received Prepare
Registering precompiled user dll's ...
Registered in 0.001833 seconds.
Begin MonoManager ReloadAssembly
Native extension for WindowsStandalone target not found
Refreshing native plugins compatible for Editor in 0.35 ms, found 2 plugins.
Preloading 0 native plugins for Editor in 0.00 ms.
Mono: successfully reloaded assembly
- Completed reload, in  0.506 seconds
Domain Reload Profiling:
	ReloadAssembly (506ms)
		BeginReloadAssembly (69ms)
			ExecutionOrderSort (0ms)
			DisableScriptedObjects (3ms)
			BackupInstance (0ms)
			ReleaseScriptingObjects (0ms)
			CreateAndSetChildDomain (19ms)
		EndReloadAssembly (401ms)
			LoadAssemblies (50ms)
			RebuildTransferFunctionScriptingTraits (0ms)
			SetupTypeCache (133ms)
			ReleaseScriptCaches (1ms)
			RebuildScriptCaches (24ms)
			SetupLoadedEditorAssemblies (161ms)
				LogAssemblyErrors (0ms)
				InitializePlatformSupportModulesInManaged (3ms)
				SetLoadedEditorAssemblies (0ms)
				RefreshPlugins (0ms)
				BeforeProcessingInitializeOnLoad (41ms)
				ProcessInitializeOnLoadAttributes (107ms)
				ProcessInitializeOnLoadMethodAttributes (5ms)
				AfterProcessingInitializeOnLoad (4ms)
				EditorAssembliesLoaded (0ms)
			ExecutionOrderSort2 (0ms)
			AwakeInstancesAfterBackupRestoration (1ms)
Platform modules already initialized, skipping
Refreshing native plugins compatible for Editor in 0.45 ms, found 2 plugins.
Preloading 0 native plugins for Editor in 0.00 ms.
Unloading 1329 Unused Serialized files (Serialized files now loaded: 0)
System memory in use before: 69.3 MB.
System memory in use after: 69.4 MB.

Unloading 11 unused Assets to reduce memory usage. Loaded Objects now: 1917.
Total: 2.168200 ms (FindLiveObjects: 0.179500 ms CreateObjectMapping: 0.046400 ms MarkObjects: 1.927000 ms  DeleteObjects: 0.014600 ms)

AssetImportParameters requested are different than current active one (requested -> active):
  custom:framework-win-MediaFoundation: 216162199b28c13a410421893ffa2e32 -> 
  custom:video-decoder-ogg-theora: a1e56fd34408186e4bbccfd4996cb3dc -> 
  custom:container-muxer-webm: aa71ff27fc2769a1b78a27578f13a17b -> 
  custom:container-demuxer-webm: 4f35f7cbe854078d1ac9338744f61a02 -> 
  custom:container-demuxer-ogg: 62fdf1f143b41e24485cea50d1cbac27 -> 
  custom:video-encoder-webm-vp8: eb34c28f22e8b96e1ab97ce403110664 -> 
  custom:video-codec-MediaFoundation-h265: 746d11721c4dcdbdad8f713fa42b33f4 -> 
  custom:video-decoder-webm-vp8: 9c59270c3fd7afecdb556c50c9e8de78 -> 
  custom:audio-decoder-ogg-vorbis: bf7c407c2cedff20999df2af8eb42d56 -> 
  custom:audio-encoder-webm-vorbis: bf7c407c2cedff20999df2af8eb42d56 -> 
========================================================================
Received Import Request.
  Time since last request: 24.115196 seconds.
  path: Assets/Scripts/EnemyHealth.cs
  artifactKey: Guid(7ddb8213776ec2f4a807bb0cc81ddae5) Importer(815301076,1909f56bfc062723c751e8b465ee728b)
Start importing Assets/Scripts/EnemyHealth.cs using Guid(7ddb8213776ec2f4a807bb0cc81ddae5) Importer(815301076,1909f56bfc062723c751e8b465ee728b)  -> (artifact id: '317b41d2a39a38f058b54377d11f7151') in 0.003540 seconds 
========================================================================
Received Prepare
Registering precompiled user dll's ...
Registered in 0.002002 seconds.
Begin MonoManager ReloadAssembly
Native extension for WindowsStandalone target not found
Refreshing native plugins compatible for Editor in 0.37 ms, found 2 plugins.
Preloading 0 native plugins for Editor in 0.00 ms.
Mono: successfully reloaded assembly
- Completed reload, in  0.525 seconds
Domain Reload Profiling:
	ReloadAssembly (525ms)
		BeginReloadAssembly (75ms)
			ExecutionOrderSort (0ms)
			DisableScriptedObjects (3ms)
			BackupInstance (0ms)
			ReleaseScriptingObjects (0ms)
			CreateAndSetChildDomain (23ms)
		EndReloadAssembly (414ms)
			LoadAssemblies (53ms)
			RebuildTransferFunctionScriptingTraits (0ms)
			SetupTypeCache (134ms)
			ReleaseScriptCaches (1ms)
			RebuildScriptCaches (26ms)
			SetupLoadedEditorAssemblies (164ms)
				LogAssemblyErrors (0ms)
				InitializePlatformSupportModulesInManaged (3ms)
				SetLoadedEditorAssemblies (0ms)
				RefreshPlugins (0ms)
				BeforeProcessingInitializeOnLoad (43ms)
				ProcessInitializeOnLoadAttributes (108ms)
				ProcessInitializeOnLoadMethodAttributes (5ms)
				AfterProcessingInitializeOnLoad (5ms)
				EditorAssembliesLoaded (0ms)
			ExecutionOrderSort2 (0ms)
			AwakeInstancesAfterBackupRestoration (1ms)
Platform modules already initialized, skipping
Refreshing native plugins compatible for Editor in 0.46 ms, found 2 plugins.
Preloading 0 native plugins for Editor in 0.00 ms.
Unloading 1329 Unused Serialized files (Serialized files now loaded: 0)
System memory in use before: 69.3 MB.
System memory in use after: 69.4 MB.

Unloading 11 unused Assets to reduce memory usage. Loaded Objects now: 1920.
Total: 2.038900 ms (FindLiveObjects: 0.089400 ms CreateObjectMapping: 0.017900 ms MarkObjects: 1.917300 ms  DeleteObjects: 0.013800 ms)

AssetImportParameters requested are different than current active one (requested -> active):
  custom:framework-win-MediaFoundation: 216162199b28c13a410421893ffa2e32 -> 
  custom:video-decoder-ogg-theora: a1e56fd34408186e4bbccfd4996cb3dc -> 
  custom:container-muxer-webm: aa71ff27fc2769a1b78a27578f13a17b -> 
  custom:container-demuxer-webm: 4f35f7cbe854078d1ac9338744f61a02 -> 
  custom:container-demuxer-ogg: 62fdf1f143b41e24485cea50d1cbac27 -> 
  custom:video-encoder-webm-vp8: eb34c28f22e8b96e1ab97ce403110664 -> 
  custom:video-codec-MediaFoundation-h265: 746d11721c4dcdbdad8f713fa42b33f4 -> 
  custom:video-decoder-webm-vp8: 9c59270c3fd7afecdb556c50c9e8de78 -> 
  custom:audio-decoder-ogg-vorbis: bf7c407c2cedff20999df2af8eb42d56 -> 
  custom:audio-encoder-webm-vorbis: bf7c407c2cedff20999df2af8eb42d56 -> 
========================================================================
Received Prepare
Registering precompiled user dll's ...
Registered in 0.002114 seconds.
Begin MonoManager ReloadAssembly
Native extension for WindowsStandalone target not found
Refreshing native plugins compatible for Editor in 0.34 ms, found 2 plugins.
Preloading 0 native plugins for Editor in 0.00 ms.
Mono: successfully reloaded assembly
- Completed reload, in  0.626 seconds
Domain Reload Profiling:
	ReloadAssembly (626ms)
		BeginReloadAssembly (92ms)
			ExecutionOrderSort (0ms)
			DisableScriptedObjects (4ms)
			BackupInstance (0ms)
			ReleaseScriptingObjects (0ms)
			CreateAndSetChildDomain (25ms)
		EndReloadAssembly (484ms)
			LoadAssemblies (71ms)
			RebuildTransferFunctionScriptingTraits (0ms)
			SetupTypeCache (168ms)
			ReleaseScriptCaches (1ms)
			RebuildScriptCaches (23ms)
			SetupLoadedEditorAssemblies (200ms)
				LogAssemblyErrors (0ms)
				InitializePlatformSupportModulesInManaged (3ms)
				SetLoadedEditorAssemblies (0ms)
				RefreshPlugins (0ms)
				BeforeProcessingInitializeOnLoad (42ms)
				ProcessInitializeOnLoadAttributes (145ms)
				ProcessInitializeOnLoadMethodAttributes (5ms)
				AfterProcessingInitializeOnLoad (4ms)
				EditorAssembliesLoaded (0ms)
			ExecutionOrderSort2 (0ms)
			AwakeInstancesAfterBackupRestoration (1ms)
Platform modules already initialized, skipping
Refreshing native plugins compatible for Editor in 0.46 ms, found 2 plugins.
Preloading 0 native plugins for Editor in 0.00 ms.
Unloading 1329 Unused Serialized files (Serialized files now loaded: 0)
System memory in use before: 69.3 MB.
System memory in use after: 69.4 MB.

Unloading 11 unused Assets to reduce memory usage. Loaded Objects now: 1923.
Total: 1.810100 ms (FindLiveObjects: 0.122200 ms CreateObjectMapping: 0.032200 ms MarkObjects: 1.641300 ms  DeleteObjects: 0.013900 ms)

AssetImportParameters requested are different than current active one (requested -> active):
  custom:framework-win-MediaFoundation: 216162199b28c13a410421893ffa2e32 -> 
  custom:video-decoder-ogg-theora: a1e56fd34408186e4bbccfd4996cb3dc -> 
  custom:container-muxer-webm: aa71ff27fc2769a1b78a27578f13a17b -> 
  custom:container-demuxer-webm: 4f35f7cbe854078d1ac9338744f61a02 -> 
  custom:container-demuxer-ogg: 62fdf1f143b41e24485cea50d1cbac27 -> 
  custom:video-encoder-webm-vp8: eb34c28f22e8b96e1ab97ce403110664 -> 
  custom:video-codec-MediaFoundation-h265: 746d11721c4dcdbdad8f713fa42b33f4 -> 
  custom:video-decoder-webm-vp8: 9c59270c3fd7afecdb556c50c9e8de78 -> 
  custom:audio-decoder-ogg-vorbis: bf7c407c2cedff20999df2af8eb42d56 -> 
  custom:audio-encoder-webm-vorbis: bf7c407c2cedff20999df2af8eb42d56 -> 
========================================================================
Received Import Request.
  Time since last request: 130.057398 seconds.
  path: Assets/Scripts/EnemyHealth.cs
  artifactKey: Guid(7ddb8213776ec2f4a807bb0cc81ddae5) Importer(815301076,1909f56bfc062723c751e8b465ee728b)
Start importing Assets/Scripts/EnemyHealth.cs using Guid(7ddb8213776ec2f4a807bb0cc81ddae5) Importer(815301076,1909f56bfc062723c751e8b465ee728b)  -> (artifact id: 'ae930ae3601c8af09a9547a53cd77734') in 0.003665 seconds 
========================================================================
Received Import Request.
  Time since last request: 16.067305 seconds.
  path: Assets/Scripts/EnemyHealth.cs
  artifactKey: Guid(7ddb8213776ec2f4a807bb0cc81ddae5) Importer(815301076,1909f56bfc062723c751e8b465ee728b)
Start importing Assets/Scripts/EnemyHealth.cs using Guid(7ddb8213776ec2f4a807bb0cc81ddae5) Importer(815301076,1909f56bfc062723c751e8b465ee728b)  -> (artifact id: '80958be79d8226317d35f36f907f6863') in 0.001663 seconds 
========================================================================
Received Prepare
Registering precompiled user dll's ...
Registered in 0.001838 seconds.
Begin MonoManager ReloadAssembly
Native extension for WindowsStandalone target not found
Refreshing native plugins compatible for Editor in 0.36 ms, found 2 plugins.
Preloading 0 native plugins for Editor in 0.00 ms.
Mono: successfully reloaded assembly
- Completed reload, in  0.506 seconds
Domain Reload Profiling:
	ReloadAssembly (506ms)
		BeginReloadAssembly (71ms)
			ExecutionOrderSort (0ms)
			DisableScriptedObjects (2ms)
			BackupInstance (0ms)
			ReleaseScriptingObjects (0ms)
			CreateAndSetChildDomain (21ms)
		EndReloadAssembly (399ms)
			LoadAssemblies (52ms)
			RebuildTransferFunctionScriptingTraits (0ms)
			SetupTypeCache (133ms)
			ReleaseScriptCaches (1ms)
			RebuildScriptCaches (22ms)
			SetupLoadedEditorAssemblies (159ms)
				LogAssemblyErrors (0ms)
				InitializePlatformSupportModulesInManaged (3ms)
				SetLoadedEditorAssemblies (0ms)
				RefreshPlugins (0ms)
				BeforeProcessingInitializeOnLoad (43ms)
				ProcessInitializeOnLoadAttributes (104ms)
				ProcessInitializeOnLoadMethodAttributes (4ms)
				AfterProcessingInitializeOnLoad (4ms)
				EditorAssembliesLoaded (0ms)
			ExecutionOrderSort2 (0ms)
			AwakeInstancesAfterBackupRestoration (1ms)
Platform modules already initialized, skipping
Refreshing native plugins compatible for Editor in 0.43 ms, found 2 plugins.
Preloading 0 native plugins for Editor in 0.00 ms.
Unloading 1329 Unused Serialized files (Serialized files now loaded: 0)
System memory in use before: 69.3 MB.
System memory in use after: 69.4 MB.

Unloading 11 unused Assets to reduce memory usage. Loaded Objects now: 1926.
Total: 2.085800 ms (FindLiveObjects: 0.111400 ms CreateObjectMapping: 0.020000 ms MarkObjects: 1.936200 ms  DeleteObjects: 0.017500 ms)

AssetImportParameters requested are different than current active one (requested -> active):
  custom:framework-win-MediaFoundation: 216162199b28c13a410421893ffa2e32 -> 
  custom:video-decoder-ogg-theora: a1e56fd34408186e4bbccfd4996cb3dc -> 
  custom:container-muxer-webm: aa71ff27fc2769a1b78a27578f13a17b -> 
  custom:container-demuxer-webm: 4f35f7cbe854078d1ac9338744f61a02 -> 
  custom:container-demuxer-ogg: 62fdf1f143b41e24485cea50d1cbac27 -> 
  custom:video-encoder-webm-vp8: eb34c28f22e8b96e1ab97ce403110664 -> 
  custom:video-codec-MediaFoundation-h265: 746d11721c4dcdbdad8f713fa42b33f4 -> 
  custom:video-decoder-webm-vp8: 9c59270c3fd7afecdb556c50c9e8de78 -> 
  custom:audio-decoder-ogg-vorbis: bf7c407c2cedff20999df2af8eb42d56 -> 
  custom:audio-encoder-webm-vorbis: bf7c407c2cedff20999df2af8eb42d56 -> 
========================================================================
Received Prepare
Registering precompiled user dll's ...
Registered in 0.001904 seconds.
Begin MonoManager ReloadAssembly
Native extension for WindowsStandalone target not found
Refreshing native plugins compatible for Editor in 0.35 ms, found 2 plugins.
Preloading 0 native plugins for Editor in 0.00 ms.
Mono: successfully reloaded assembly
- Completed reload, in  0.502 seconds
Domain Reload Profiling:
	ReloadAssembly (502ms)
		BeginReloadAssembly (74ms)
			ExecutionOrderSort (0ms)
			DisableScriptedObjects (2ms)
			BackupInstance (0ms)
			ReleaseScriptingObjects (0ms)
			CreateAndSetChildDomain (21ms)
		EndReloadAssembly (394ms)
			LoadAssemblies (54ms)
			RebuildTransferFunctionScriptingTraits (0ms)
			SetupTypeCache (128ms)
			ReleaseScriptCaches (1ms)
			RebuildScriptCaches (21ms)
			SetupLoadedEditorAssemblies (159ms)
				LogAssemblyErrors (0ms)
				InitializePlatformSupportModulesInManaged (3ms)
				SetLoadedEditorAssemblies (0ms)
				RefreshPlugins (0ms)
				BeforeProcessingInitializeOnLoad (41ms)
				ProcessInitializeOnLoadAttributes (106ms)
				ProcessInitializeOnLoadMethodAttributes (4ms)
				AfterProcessingInitializeOnLoad (4ms)
				EditorAssembliesLoaded (0ms)
			ExecutionOrderSort2 (0ms)
			AwakeInstancesAfterBackupRestoration (1ms)
Platform modules already initialized, skipping
Refreshing native plugins compatible for Editor in 0.51 ms, found 2 plugins.
Preloading 0 native plugins for Editor in 0.00 ms.
Unloading 1329 Unused Serialized files (Serialized files now loaded: 0)
System memory in use before: 69.3 MB.
System memory in use after: 69.4 MB.

Unloading 11 unused Assets to reduce memory usage. Loaded Objects now: 1929.
Total: 2.260600 ms (FindLiveObjects: 0.158600 ms CreateObjectMapping: 0.036300 ms MarkObjects: 2.040900 ms  DeleteObjects: 0.024000 ms)

AssetImportParameters requested are different than current active one (requested -> active):
  custom:framework-win-MediaFoundation: 216162199b28c13a410421893ffa2e32 -> 
  custom:video-decoder-ogg-theora: a1e56fd34408186e4bbccfd4996cb3dc -> 
  custom:container-muxer-webm: aa71ff27fc2769a1b78a27578f13a17b -> 
  custom:container-demuxer-webm: 4f35f7cbe854078d1ac9338744f61a02 -> 
  custom:container-demuxer-ogg: 62fdf1f143b41e24485cea50d1cbac27 -> 
  custom:video-encoder-webm-vp8: eb34c28f22e8b96e1ab97ce403110664 -> 
  custom:video-codec-MediaFoundation-h265: 746d11721c4dcdbdad8f713fa42b33f4 -> 
  custom:video-decoder-webm-vp8: 9c59270c3fd7afecdb556c50c9e8de78 -> 
  custom:audio-decoder-ogg-vorbis: bf7c407c2cedff20999df2af8eb42d56 -> 
  custom:audio-encoder-webm-vorbis: bf7c407c2cedff20999df2af8eb42d56 -> 
========================================================================
Received Import Request.
  Time since last request: 140.298611 seconds.
  path: Assets/Scripts/EnemyHealth.cs
  artifactKey: Guid(7ddb8213776ec2f4a807bb0cc81ddae5) Importer(815301076,1909f56bfc062723c751e8b465ee728b)
Start importing Assets/Scripts/EnemyHealth.cs using Guid(7ddb8213776ec2f4a807bb0cc81ddae5) Importer(815301076,1909f56bfc062723c751e8b465ee728b)  -> (artifact id: '13c9371de501894b003cda3c41ef7224') in 0.004005 seconds 
========================================================================
Received Import Request.
  Time since last request: 17.446244 seconds.
  path: Assets/Scripts/EnemyHealth.cs
  artifactKey: Guid(7ddb8213776ec2f4a807bb0cc81ddae5) Importer(815301076,1909f56bfc062723c751e8b465ee728b)
Start importing Assets/Scripts/EnemyHealth.cs using Guid(7ddb8213776ec2f4a807bb0cc81ddae5) Importer(815301076,1909f56bfc062723c751e8b465ee728b)  -> (artifact id: '1bc310ddc2a398c663f21125a0771235') in 0.001948 seconds 
========================================================================
Received Prepare
Registering precompiled user dll's ...
Registered in 0.001806 seconds.
Begin MonoManager ReloadAssembly
Native extension for WindowsStandalone target not found
Refreshing native plugins compatible for Editor in 0.36 ms, found 2 plugins.
Preloading 0 native plugins for Editor in 0.00 ms.
Mono: successfully reloaded assembly
- Completed reload, in  0.505 seconds
Domain Reload Profiling:
	ReloadAssembly (505ms)
		BeginReloadAssembly (72ms)
			ExecutionOrderSort (0ms)
			DisableScriptedObjects (2ms)
			BackupInstance (0ms)
			ReleaseScriptingObjects (0ms)
			CreateAndSetChildDomain (22ms)
		EndReloadAssembly (398ms)
			LoadAssemblies (51ms)
			RebuildTransferFunctionScriptingTraits (0ms)
			SetupTypeCache (131ms)
			ReleaseScriptCaches (1ms)
			RebuildScriptCaches (22ms)
			SetupLoadedEditorAssemblies (160ms)
				LogAssemblyErrors (0ms)
				InitializePlatformSupportModulesInManaged (3ms)
				SetLoadedEditorAssemblies (0ms)
				RefreshPlugins (0ms)
				BeforeProcessingInitializeOnLoad (42ms)
				ProcessInitializeOnLoadAttributes (106ms)
				ProcessInitializeOnLoadMethodAttributes (4ms)
				AfterProcessingInitializeOnLoad (4ms)
				EditorAssembliesLoaded (0ms)
			ExecutionOrderSort2 (0ms)
			AwakeInstancesAfterBackupRestoration (1ms)
Platform modules already initialized, skipping
Refreshing native plugins compatible for Editor in 0.50 ms, found 2 plugins.
Preloading 0 native plugins for Editor in 0.00 ms.
Unloading 1329 Unused Serialized files (Serialized files now loaded: 0)
System memory in use before: 69.3 MB.
System memory in use after: 69.4 MB.

Unloading 11 unused Assets to reduce memory usage. Loaded Objects now: 1932.
Total: 2.984300 ms (FindLiveObjects: 0.152900 ms CreateObjectMapping: 0.037600 ms MarkObjects: 2.775100 ms  DeleteObjects: 0.018000 ms)

AssetImportParameters requested are different than current active one (requested -> active):
  custom:framework-win-MediaFoundation: 216162199b28c13a410421893ffa2e32 -> 
  custom:video-decoder-ogg-theora: a1e56fd34408186e4bbccfd4996cb3dc -> 
  custom:container-muxer-webm: aa71ff27fc2769a1b78a27578f13a17b -> 
  custom:container-demuxer-webm: 4f35f7cbe854078d1ac9338744f61a02 -> 
  custom:container-demuxer-ogg: 62fdf1f143b41e24485cea50d1cbac27 -> 
  custom:video-encoder-webm-vp8: eb34c28f22e8b96e1ab97ce403110664 -> 
  custom:video-codec-MediaFoundation-h265: 746d11721c4dcdbdad8f713fa42b33f4 -> 
  custom:video-decoder-webm-vp8: 9c59270c3fd7afecdb556c50c9e8de78 -> 
  custom:audio-decoder-ogg-vorbis: bf7c407c2cedff20999df2af8eb42d56 -> 
  custom:audio-encoder-webm-vorbis: bf7c407c2cedff20999df2af8eb42d56 -> 
========================================================================
Received Import Request.
  Time since last request: 282.799713 seconds.
  path: Assets/Prefab/Items/LootBox.prefab
  artifactKey: Guid(61e5ced7043cead4c80fcc5443ef9744) Importer(815301076,1909f56bfc062723c751e8b465ee728b)
Start importing Assets/Prefab/Items/LootBox.prefab using Guid(61e5ced7043cead4c80fcc5443ef9744) Importer(815301076,1909f56bfc062723c751e8b465ee728b)  -> (artifact id: 'eee5c83850dbf5259602e7ce22ea5263') in 0.063188 seconds 
========================================================================
Received Import Request.
  Time since last request: 77.997693 seconds.
  path: Assets/Prefab/Items/LootBox.prefab
  artifactKey: Guid(61e5ced7043cead4c80fcc5443ef9744) Importer(815301076,1909f56bfc062723c751e8b465ee728b)
Start importing Assets/Prefab/Items/LootBox.prefab using Guid(61e5ced7043cead4c80fcc5443ef9744) Importer(815301076,1909f56bfc062723c751e8b465ee728b)  -> (artifact id: 'a91244ef0480139d73d6f0e8fc28267e') in 0.022674 seconds 
========================================================================
Received Prepare
Registering precompiled user dll's ...
Registered in 0.002324 seconds.
Begin MonoManager ReloadAssembly
Native extension for WindowsStandalone target not found
Refreshing native plugins compatible for Editor in 0.34 ms, found 2 plugins.
Preloading 0 native plugins for Editor in 0.00 ms.
Mono: successfully reloaded assembly
- Completed reload, in  0.495 seconds
Domain Reload Profiling:
	ReloadAssembly (495ms)
		BeginReloadAssembly (70ms)
			ExecutionOrderSort (0ms)
			DisableScriptedObjects (2ms)
			BackupInstance (0ms)
			ReleaseScriptingObjects (0ms)
			CreateAndSetChildDomain (20ms)
		EndReloadAssembly (392ms)
			LoadAssemblies (49ms)
			RebuildTransferFunctionScriptingTraits (0ms)
			SetupTypeCache (125ms)
			ReleaseScriptCaches (1ms)
			RebuildScriptCaches (21ms)
			SetupLoadedEditorAssemblies (164ms)
				LogAssemblyErrors (0ms)
				InitializePlatformSupportModulesInManaged (3ms)
				SetLoadedEditorAssemblies (0ms)
				RefreshPlugins (0ms)
				BeforeProcessingInitializeOnLoad (42ms)
				ProcessInitializeOnLoadAttributes (109ms)
				ProcessInitializeOnLoadMethodAttributes (6ms)
				AfterProcessingInitializeOnLoad (4ms)
				EditorAssembliesLoaded (0ms)
			ExecutionOrderSort2 (0ms)
			AwakeInstancesAfterBackupRestoration (1ms)
Platform modules already initialized, skipping
Refreshing native plugins compatible for Editor in 0.50 ms, found 2 plugins.
Preloading 0 native plugins for Editor in 0.00 ms.
Unloading 1329 Unused Serialized files (Serialized files now loaded: 0)
System memory in use before: 69.3 MB.
System memory in use after: 69.4 MB.

Unloading 11 unused Assets to reduce memory usage. Loaded Objects now: 1936.
Total: 1.768100 ms (FindLiveObjects: 0.106300 ms CreateObjectMapping: 0.022700 ms MarkObjects: 1.625400 ms  DeleteObjects: 0.013100 ms)

AssetImportParameters requested are different than current active one (requested -> active):
  custom:framework-win-MediaFoundation: 216162199b28c13a410421893ffa2e32 -> 
  custom:video-decoder-ogg-theora: a1e56fd34408186e4bbccfd4996cb3dc -> 
  custom:container-muxer-webm: aa71ff27fc2769a1b78a27578f13a17b -> 
  custom:container-demuxer-webm: 4f35f7cbe854078d1ac9338744f61a02 -> 
  custom:container-demuxer-ogg: 62fdf1f143b41e24485cea50d1cbac27 -> 
  custom:video-encoder-webm-vp8: eb34c28f22e8b96e1ab97ce403110664 -> 
  custom:video-codec-MediaFoundation-h265: 746d11721c4dcdbdad8f713fa42b33f4 -> 
  custom:video-decoder-webm-vp8: 9c59270c3fd7afecdb556c50c9e8de78 -> 
  custom:audio-decoder-ogg-vorbis: bf7c407c2cedff20999df2af8eb42d56 -> 
  custom:audio-encoder-webm-vorbis: bf7c407c2cedff20999df2af8eb42d56 -> 
========================================================================
Received Import Request.
  Time since last request: 143.166529 seconds.
  path: Assets/Prefab/Items/LootBox.prefab
  artifactKey: Guid(61e5ced7043cead4c80fcc5443ef9744) Importer(815301076,1909f56bfc062723c751e8b465ee728b)
Start importing Assets/Prefab/Items/LootBox.prefab using Guid(61e5ced7043cead4c80fcc5443ef9744) Importer(815301076,1909f56bfc062723c751e8b465ee728b)  -> (artifact id: 'e35d30890081dd1f862d35917c3ee625') in 0.040771 seconds 
========================================================================
Received Prepare
Registering precompiled user dll's ...
Registered in 0.002033 seconds.
Begin MonoManager ReloadAssembly
Native extension for WindowsStandalone target not found
Refreshing native plugins compatible for Editor in 0.35 ms, found 2 plugins.
Preloading 0 native plugins for Editor in 0.00 ms.
Mono: successfully reloaded assembly
- Completed reload, in  0.521 seconds
Domain Reload Profiling:
	ReloadAssembly (521ms)
		BeginReloadAssembly (69ms)
			ExecutionOrderSort (0ms)
			DisableScriptedObjects (2ms)
			BackupInstance (0ms)
			ReleaseScriptingObjects (0ms)
			CreateAndSetChildDomain (19ms)
		EndReloadAssembly (418ms)
			LoadAssemblies (51ms)
			RebuildTransferFunctionScriptingTraits (0ms)
			SetupTypeCache (151ms)
			ReleaseScriptCaches (1ms)
			RebuildScriptCaches (21ms)
			SetupLoadedEditorAssemblies (159ms)
				LogAssemblyErrors (0ms)
				InitializePlatformSupportModulesInManaged (3ms)
				SetLoadedEditorAssemblies (0ms)
				RefreshPlugins (0ms)
				BeforeProcessingInitializeOnLoad (41ms)
				ProcessInitializeOnLoadAttributes (106ms)
				ProcessInitializeOnLoadMethodAttributes (5ms)
				AfterProcessingInitializeOnLoad (4ms)
				EditorAssembliesLoaded (0ms)
			ExecutionOrderSort2 (0ms)
			AwakeInstancesAfterBackupRestoration (1ms)
Platform modules already initialized, skipping
Refreshing native plugins compatible for Editor in 0.40 ms, found 2 plugins.
Preloading 0 native plugins for Editor in 0.00 ms.
Unloading 1329 Unused Serialized files (Serialized files now loaded: 0)
System memory in use before: 69.3 MB.
System memory in use after: 69.4 MB.

Unloading 11 unused Assets to reduce memory usage. Loaded Objects now: 1940.
Total: 1.770400 ms (FindLiveObjects: 0.101400 ms CreateObjectMapping: 0.023100 ms MarkObjects: 1.633000 ms  DeleteObjects: 0.012200 ms)

AssetImportParameters requested are different than current active one (requested -> active):
  custom:framework-win-MediaFoundation: 216162199b28c13a410421893ffa2e32 -> 
  custom:video-decoder-ogg-theora: a1e56fd34408186e4bbccfd4996cb3dc -> 
  custom:container-muxer-webm: aa71ff27fc2769a1b78a27578f13a17b -> 
  custom:container-demuxer-webm: 4f35f7cbe854078d1ac9338744f61a02 -> 
  custom:container-demuxer-ogg: 62fdf1f143b41e24485cea50d1cbac27 -> 
  custom:video-encoder-webm-vp8: eb34c28f22e8b96e1ab97ce403110664 -> 
  custom:video-codec-MediaFoundation-h265: 746d11721c4dcdbdad8f713fa42b33f4 -> 
  custom:video-decoder-webm-vp8: 9c59270c3fd7afecdb556c50c9e8de78 -> 
  custom:audio-decoder-ogg-vorbis: bf7c407c2cedff20999df2af8eb42d56 -> 
  custom:audio-encoder-webm-vorbis: bf7c407c2cedff20999df2af8eb42d56 -> 
========================================================================
Received Import Request.
  Time since last request: 66.739532 seconds.
  path: Assets/Prefab/Items/LootBox.prefab
  artifactKey: Guid(61e5ced7043cead4c80fcc5443ef9744) Importer(815301076,1909f56bfc062723c751e8b465ee728b)
Start importing Assets/Prefab/Items/LootBox.prefab using Guid(61e5ced7043cead4c80fcc5443ef9744) Importer(815301076,1909f56bfc062723c751e8b465ee728b)  -> (artifact id: '9322f889eb5dd2a4aca7e6ea46537d86') in 0.041873 seconds 
========================================================================
Received Prepare
Registering precompiled user dll's ...
Registered in 0.001934 seconds.
Begin MonoManager ReloadAssembly
Native extension for WindowsStandalone target not found
Refreshing native plugins compatible for Editor in 0.39 ms, found 2 plugins.
Preloading 0 native plugins for Editor in 0.00 ms.
Mono: successfully reloaded assembly
- Completed reload, in  0.510 seconds
Domain Reload Profiling:
	ReloadAssembly (510ms)
		BeginReloadAssembly (69ms)
			ExecutionOrderSort (0ms)
			DisableScriptedObjects (2ms)
			BackupInstance (0ms)
			ReleaseScriptingObjects (0ms)
			CreateAndSetChildDomain (19ms)
		EndReloadAssembly (408ms)
			LoadAssemblies (50ms)
			RebuildTransferFunctionScriptingTraits (0ms)
			SetupTypeCache (136ms)
			ReleaseScriptCaches (1ms)
			RebuildScriptCaches (22ms)
			SetupLoadedEditorAssemblies (156ms)
				LogAssemblyErrors (0ms)
				InitializePlatformSupportModulesInManaged (3ms)
				SetLoadedEditorAssemblies (0ms)
				RefreshPlugins (0ms)
				BeforeProcessingInitializeOnLoad (41ms)
				ProcessInitializeOnLoadAttributes (103ms)
				ProcessInitializeOnLoadMethodAttributes (4ms)
				AfterProcessingInitializeOnLoad (4ms)
				EditorAssembliesLoaded (0ms)
			ExecutionOrderSort2 (0ms)
			AwakeInstancesAfterBackupRestoration (1ms)
Platform modules already initialized, skipping
Refreshing native plugins compatible for Editor in 0.45 ms, found 2 plugins.
Preloading 0 native plugins for Editor in 0.00 ms.
Unloading 1329 Unused Serialized files (Serialized files now loaded: 0)
System memory in use before: 69.4 MB.
System memory in use after: 69.5 MB.

Unloading 11 unused Assets to reduce memory usage. Loaded Objects now: 1944.
Total: 2.686700 ms (FindLiveObjects: 0.137500 ms CreateObjectMapping: 0.030400 ms MarkObjects: 2.501200 ms  DeleteObjects: 0.016800 ms)

AssetImportParameters requested are different than current active one (requested -> active):
  custom:framework-win-MediaFoundation: 216162199b28c13a410421893ffa2e32 -> 
  custom:video-decoder-ogg-theora: a1e56fd34408186e4bbccfd4996cb3dc -> 
  custom:container-muxer-webm: aa71ff27fc2769a1b78a27578f13a17b -> 
  custom:container-demuxer-webm: 4f35f7cbe854078d1ac9338744f61a02 -> 
  custom:container-demuxer-ogg: 62fdf1f143b41e24485cea50d1cbac27 -> 
  custom:video-encoder-webm-vp8: eb34c28f22e8b96e1ab97ce403110664 -> 
  custom:video-codec-MediaFoundation-h265: 746d11721c4dcdbdad8f713fa42b33f4 -> 
  custom:video-decoder-webm-vp8: 9c59270c3fd7afecdb556c50c9e8de78 -> 
  custom:audio-decoder-ogg-vorbis: bf7c407c2cedff20999df2af8eb42d56 -> 
  custom:audio-encoder-webm-vorbis: bf7c407c2cedff20999df2af8eb42d56 -> 
========================================================================
Received Import Request.
  Time since last request: 89.148794 seconds.
  path: Assets/Prefab/Items/LootBox.prefab
  artifactKey: Guid(61e5ced7043cead4c80fcc5443ef9744) Importer(815301076,1909f56bfc062723c751e8b465ee728b)
Start importing Assets/Prefab/Items/LootBox.prefab using Guid(61e5ced7043cead4c80fcc5443ef9744) Importer(815301076,1909f56bfc062723c751e8b465ee728b)  -> (artifact id: '158c8c564c736c8695c21e92a8eb8cd9') in 0.056161 seconds 
========================================================================
Received Prepare
Registering precompiled user dll's ...
Registered in 0.001904 seconds.
Begin MonoManager ReloadAssembly
Native extension for WindowsStandalone target not found
Refreshing native plugins compatible for Editor in 0.34 ms, found 2 plugins.
Preloading 0 native plugins for Editor in 0.00 ms.
Mono: successfully reloaded assembly
- Completed reload, in  0.490 seconds
Domain Reload Profiling:
	ReloadAssembly (491ms)
		BeginReloadAssembly (69ms)
			ExecutionOrderSort (0ms)
			DisableScriptedObjects (2ms)
			BackupInstance (0ms)
			ReleaseScriptingObjects (0ms)
			CreateAndSetChildDomain (20ms)
		EndReloadAssembly (389ms)
			LoadAssemblies (49ms)
			RebuildTransferFunctionScriptingTraits (0ms)
			SetupTypeCache (126ms)
			ReleaseScriptCaches (1ms)
			RebuildScriptCaches (22ms)
			SetupLoadedEditorAssemblies (160ms)
				LogAssemblyErrors (0ms)
				InitializePlatformSupportModulesInManaged (3ms)
				SetLoadedEditorAssemblies (0ms)
				RefreshPlugins (0ms)
				BeforeProcessingInitializeOnLoad (40ms)
				ProcessInitializeOnLoadAttributes (107ms)
				ProcessInitializeOnLoadMethodAttributes (5ms)
				AfterProcessingInitializeOnLoad (5ms)
				EditorAssembliesLoaded (0ms)
			ExecutionOrderSort2 (0ms)
			AwakeInstancesAfterBackupRestoration (1ms)
Platform modules already initialized, skipping
Refreshing native plugins compatible for Editor in 0.53 ms, found 2 plugins.
Preloading 0 native plugins for Editor in 0.00 ms.
Unloading 1329 Unused Serialized files (Serialized files now loaded: 0)
System memory in use before: 69.4 MB.
System memory in use after: 69.5 MB.

Unloading 11 unused Assets to reduce memory usage. Loaded Objects now: 1948.
Total: 1.844200 ms (FindLiveObjects: 0.101800 ms CreateObjectMapping: 0.021800 ms MarkObjects: 1.707100 ms  DeleteObjects: 0.013100 ms)

AssetImportParameters requested are different than current active one (requested -> active):
  custom:framework-win-MediaFoundation: 216162199b28c13a410421893ffa2e32 -> 
  custom:video-decoder-ogg-theora: a1e56fd34408186e4bbccfd4996cb3dc -> 
  custom:container-muxer-webm: aa71ff27fc2769a1b78a27578f13a17b -> 
  custom:container-demuxer-webm: 4f35f7cbe854078d1ac9338744f61a02 -> 
  custom:container-demuxer-ogg: 62fdf1f143b41e24485cea50d1cbac27 -> 
  custom:video-encoder-webm-vp8: eb34c28f22e8b96e1ab97ce403110664 -> 
  custom:video-codec-MediaFoundation-h265: 746d11721c4dcdbdad8f713fa42b33f4 -> 
  custom:video-decoder-webm-vp8: 9c59270c3fd7afecdb556c50c9e8de78 -> 
  custom:audio-decoder-ogg-vorbis: bf7c407c2cedff20999df2af8eb42d56 -> 
  custom:audio-encoder-webm-vorbis: bf7c407c2cedff20999df2af8eb42d56 -> 
========================================================================
Received Import Request.
  Time since last request: 83.295109 seconds.
  path: Assets/Scripts/Player.cs
  artifactKey: Guid(76ddf56f992dfc94b9e77bbe1d88507a) Importer(815301076,1909f56bfc062723c751e8b465ee728b)
Start importing Assets/Scripts/Player.cs using Guid(76ddf56f992dfc94b9e77bbe1d88507a) Importer(815301076,1909f56bfc062723c751e8b465ee728b)  -> (artifact id: 'f650713482d6dff3da010bb2312b3ce3') in 0.010437 seconds 
========================================================================
Received Prepare
Registering precompiled user dll's ...
Registered in 0.002358 seconds.
Begin MonoManager ReloadAssembly
Native extension for WindowsStandalone target not found
Refreshing native plugins compatible for Editor in 0.37 ms, found 2 plugins.
Preloading 0 native plugins for Editor in 0.00 ms.
Mono: successfully reloaded assembly
- Completed reload, in  0.538 seconds
Domain Reload Profiling:
	ReloadAssembly (538ms)
		BeginReloadAssembly (82ms)
			ExecutionOrderSort (0ms)
			DisableScriptedObjects (3ms)
			BackupInstance (0ms)
			ReleaseScriptingObjects (0ms)
			CreateAndSetChildDomain (22ms)
		EndReloadAssembly (408ms)
			LoadAssemblies (59ms)
			RebuildTransferFunctionScriptingTraits (0ms)
			SetupTypeCache (123ms)
			ReleaseScriptCaches (1ms)
			RebuildScriptCaches (22ms)
			SetupLoadedEditorAssemblies (165ms)
				LogAssemblyErrors (0ms)
				InitializePlatformSupportModulesInManaged (3ms)
				SetLoadedEditorAssemblies (0ms)
				RefreshPlugins (0ms)
				BeforeProcessingInitializeOnLoad (43ms)
				ProcessInitializeOnLoadAttributes (109ms)
				ProcessInitializeOnLoadMethodAttributes (4ms)
				AfterProcessingInitializeOnLoad (5ms)
				EditorAssembliesLoaded (0ms)
			ExecutionOrderSort2 (0ms)
			AwakeInstancesAfterBackupRestoration (1ms)
Platform modules already initialized, skipping
Refreshing native plugins compatible for Editor in 0.40 ms, found 2 plugins.
Preloading 0 native plugins for Editor in 0.00 ms.
Unloading 1329 Unused Serialized files (Serialized files now loaded: 0)
System memory in use before: 69.4 MB.
System memory in use after: 69.5 MB.

Unloading 11 unused Assets to reduce memory usage. Loaded Objects now: 1951.
Total: 2.492900 ms (FindLiveObjects: 0.153000 ms CreateObjectMapping: 0.029700 ms MarkObjects: 2.292200 ms  DeleteObjects: 0.017400 ms)

AssetImportParameters requested are different than current active one (requested -> active):
  custom:framework-win-MediaFoundation: 216162199b28c13a410421893ffa2e32 -> 
  custom:video-decoder-ogg-theora: a1e56fd34408186e4bbccfd4996cb3dc -> 
  custom:container-muxer-webm: aa71ff27fc2769a1b78a27578f13a17b -> 
  custom:container-demuxer-webm: 4f35f7cbe854078d1ac9338744f61a02 -> 
  custom:container-demuxer-ogg: 62fdf1f143b41e24485cea50d1cbac27 -> 
  custom:video-encoder-webm-vp8: eb34c28f22e8b96e1ab97ce403110664 -> 
  custom:video-codec-MediaFoundation-h265: 746d11721c4dcdbdad8f713fa42b33f4 -> 
  custom:video-decoder-webm-vp8: 9c59270c3fd7afecdb556c50c9e8de78 -> 
  custom:audio-decoder-ogg-vorbis: bf7c407c2cedff20999df2af8eb42d56 -> 
  custom:audio-encoder-webm-vorbis: bf7c407c2cedff20999df2af8eb42d56 -> 
========================================================================
Received Prepare
Registering precompiled user dll's ...
Registered in 0.004673 seconds.
Begin MonoManager ReloadAssembly
Native extension for WindowsStandalone target not found
Refreshing native plugins compatible for Editor in 0.35 ms, found 2 plugins.
Preloading 0 native plugins for Editor in 0.00 ms.
Mono: successfully reloaded assembly
- Completed reload, in  0.528 seconds
Domain Reload Profiling:
	ReloadAssembly (528ms)
		BeginReloadAssembly (70ms)
			ExecutionOrderSort (0ms)
			DisableScriptedObjects (3ms)
			BackupInstance (0ms)
			ReleaseScriptingObjects (0ms)
			CreateAndSetChildDomain (19ms)
		EndReloadAssembly (422ms)
			LoadAssemblies (51ms)
			RebuildTransferFunctionScriptingTraits (0ms)
			SetupTypeCache (135ms)
			ReleaseScriptCaches (1ms)
			RebuildScriptCaches (23ms)
			SetupLoadedEditorAssemblies (174ms)
				LogAssemblyErrors (0ms)
				InitializePlatformSupportModulesInManaged (3ms)
				SetLoadedEditorAssemblies (0ms)
				RefreshPlugins (0ms)
				BeforeProcessingInitializeOnLoad (44ms)
				ProcessInitializeOnLoadAttributes (113ms)
				ProcessInitializeOnLoadMethodAttributes (8ms)
				AfterProcessingInitializeOnLoad (6ms)
				EditorAssembliesLoaded (0ms)
			ExecutionOrderSort2 (0ms)
			AwakeInstancesAfterBackupRestoration (2ms)
Platform modules already initialized, skipping
Refreshing native plugins compatible for Editor in 0.40 ms, found 2 plugins.
Preloading 0 native plugins for Editor in 0.00 ms.
Unloading 1329 Unused Serialized files (Serialized files now loaded: 0)
System memory in use before: 69.4 MB.
System memory in use after: 69.5 MB.

Unloading 11 unused Assets to reduce memory usage. Loaded Objects now: 1954.
Total: 1.814600 ms (FindLiveObjects: 0.156500 ms CreateObjectMapping: 0.037100 ms MarkObjects: 1.606600 ms  DeleteObjects: 0.013800 ms)

AssetImportParameters requested are different than current active one (requested -> active):
  custom:framework-win-MediaFoundation: 216162199b28c13a410421893ffa2e32 -> 
  custom:video-decoder-ogg-theora: a1e56fd34408186e4bbccfd4996cb3dc -> 
  custom:container-muxer-webm: aa71ff27fc2769a1b78a27578f13a17b -> 
  custom:container-demuxer-webm: 4f35f7cbe854078d1ac9338744f61a02 -> 
  custom:container-demuxer-ogg: 62fdf1f143b41e24485cea50d1cbac27 -> 
  custom:video-encoder-webm-vp8: eb34c28f22e8b96e1ab97ce403110664 -> 
  custom:video-codec-MediaFoundation-h265: 746d11721c4dcdbdad8f713fa42b33f4 -> 
  custom:video-decoder-webm-vp8: 9c59270c3fd7afecdb556c50c9e8de78 -> 
  custom:audio-decoder-ogg-vorbis: bf7c407c2cedff20999df2af8eb42d56 -> 
  custom:audio-encoder-webm-vorbis: bf7c407c2cedff20999df2af8eb42d56 -> 
========================================================================
Received Import Request.
  Time since last request: 170.698618 seconds.
  path: ProjectSettings/TagManager.asset
  artifactKey: Guid(00000000000000003000000000000000) Importer(815301076,1909f56bfc062723c751e8b465ee728b)
Start importing ProjectSettings/TagManager.asset using Guid(00000000000000003000000000000000) Importer(815301076,1909f56bfc062723c751e8b465ee728b)  -> (artifact id: '9319b7aa3ddd37e5db4a404d5aa2d884') in 0.016805 seconds 
========================================================================
Received Import Request.
  Time since last request: 108.916875 seconds.
  path: Assets/Scripts/EnemyHealth.cs
  artifactKey: Guid(7ddb8213776ec2f4a807bb0cc81ddae5) Importer(815301076,1909f56bfc062723c751e8b465ee728b)
Start importing Assets/Scripts/EnemyHealth.cs using Guid(7ddb8213776ec2f4a807bb0cc81ddae5) Importer(815301076,1909f56bfc062723c751e8b465ee728b)  -> (artifact id: 'eece0d8f150f06f86449fc235dc676d2') in 0.002222 seconds 
========================================================================
Received Prepare
Registering precompiled user dll's ...
Registered in 0.001878 seconds.
Begin MonoManager ReloadAssembly
Native extension for WindowsStandalone target not found
Refreshing native plugins compatible for Editor in 0.35 ms, found 2 plugins.
Preloading 0 native plugins for Editor in 0.00 ms.
Mono: successfully reloaded assembly
- Completed reload, in  0.534 seconds
Domain Reload Profiling:
	ReloadAssembly (534ms)
		BeginReloadAssembly (75ms)
			ExecutionOrderSort (0ms)
			DisableScriptedObjects (3ms)
			BackupInstance (0ms)
			ReleaseScriptingObjects (0ms)
			CreateAndSetChildDomain (19ms)
		EndReloadAssembly (421ms)
			LoadAssemblies (59ms)
			RebuildTransferFunctionScriptingTraits (0ms)
			SetupTypeCache (140ms)
			ReleaseScriptCaches (1ms)
			RebuildScriptCaches (22ms)
			SetupLoadedEditorAssemblies (169ms)
				LogAssemblyErrors (0ms)
				InitializePlatformSupportModulesInManaged (3ms)
				SetLoadedEditorAssemblies (0ms)
				RefreshPlugins (0ms)
				BeforeProcessingInitializeOnLoad (44ms)
				ProcessInitializeOnLoadAttributes (111ms)
				ProcessInitializeOnLoadMethodAttributes (6ms)
				AfterProcessingInitializeOnLoad (6ms)
				EditorAssembliesLoaded (0ms)
			ExecutionOrderSort2 (0ms)
			AwakeInstancesAfterBackupRestoration (1ms)
Platform modules already initialized, skipping
Refreshing native plugins compatible for Editor in 0.58 ms, found 2 plugins.
Preloading 0 native plugins for Editor in 0.00 ms.
Unloading 1329 Unused Serialized files (Serialized files now loaded: 0)
System memory in use before: 69.4 MB.
System memory in use after: 69.5 MB.

Unloading 12 unused Assets to reduce memory usage. Loaded Objects now: 1957.
Total: 3.016800 ms (FindLiveObjects: 0.159100 ms CreateObjectMapping: 0.034500 ms MarkObjects: 2.802100 ms  DeleteObjects: 0.020600 ms)

AssetImportParameters requested are different than current active one (requested -> active):
  custom:framework-win-MediaFoundation: 216162199b28c13a410421893ffa2e32 -> 
  custom:video-decoder-ogg-theora: a1e56fd34408186e4bbccfd4996cb3dc -> 
  custom:container-muxer-webm: aa71ff27fc2769a1b78a27578f13a17b -> 
  custom:container-demuxer-webm: 4f35f7cbe854078d1ac9338744f61a02 -> 
  custom:container-demuxer-ogg: 62fdf1f143b41e24485cea50d1cbac27 -> 
  custom:video-encoder-webm-vp8: eb34c28f22e8b96e1ab97ce403110664 -> 
  custom:video-codec-MediaFoundation-h265: 746d11721c4dcdbdad8f713fa42b33f4 -> 
  custom:video-decoder-webm-vp8: 9c59270c3fd7afecdb556c50c9e8de78 -> 
  custom:audio-decoder-ogg-vorbis: bf7c407c2cedff20999df2af8eb42d56 -> 
  custom:audio-encoder-webm-vorbis: bf7c407c2cedff20999df2af8eb42d56 -> 
========================================================================
Received Import Request.
  Time since last request: 155.453988 seconds.
  path: Assets/Prefab/Items/LootBox.prefab
  artifactKey: Guid(61e5ced7043cead4c80fcc5443ef9744) Importer(815301076,1909f56bfc062723c751e8b465ee728b)
Start importing Assets/Prefab/Items/LootBox.prefab using Guid(61e5ced7043cead4c80fcc5443ef9744) Importer(815301076,1909f56bfc062723c751e8b465ee728b)  -> (artifact id: 'be6fe6a0954537c5db315f408b4b5bb7') in 0.041200 seconds 
========================================================================
Received Import Request.
  Time since last request: 77.283530 seconds.
  path: Assets/Scripts/PlayerHealth.cs
  artifactKey: Guid(4270b764b7e68b941966830348bbceae) Importer(815301076,1909f56bfc062723c751e8b465ee728b)
Start importing Assets/Scripts/PlayerHealth.cs using Guid(4270b764b7e68b941966830348bbceae) Importer(815301076,1909f56bfc062723c751e8b465ee728b)  -> (artifact id: 'a56770611e12d1b79b4538d07c161564') in 0.008878 seconds 
========================================================================
Received Prepare
Registering precompiled user dll's ...
Registered in 0.002098 seconds.
Begin MonoManager ReloadAssembly
Native extension for WindowsStandalone target not found
Refreshing native plugins compatible for Editor in 0.34 ms, found 2 plugins.
Preloading 0 native plugins for Editor in 0.00 ms.
Mono: successfully reloaded assembly
- Completed reload, in  0.539 seconds
Domain Reload Profiling:
	ReloadAssembly (539ms)
		BeginReloadAssembly (77ms)
			ExecutionOrderSort (0ms)
			DisableScriptedObjects (2ms)
			BackupInstance (0ms)
			ReleaseScriptingObjects (0ms)
			CreateAndSetChildDomain (22ms)
		EndReloadAssembly (419ms)
			LoadAssemblies (63ms)
			RebuildTransferFunctionScriptingTraits (0ms)
			SetupTypeCache (128ms)
			ReleaseScriptCaches (1ms)
			RebuildScriptCaches (21ms)
			SetupLoadedEditorAssemblies (173ms)
				LogAssemblyErrors (0ms)
				InitializePlatformSupportModulesInManaged (3ms)
				SetLoadedEditorAssemblies (0ms)
				RefreshPlugins (0ms)
				BeforeProcessingInitializeOnLoad (41ms)
				ProcessInitializeOnLoadAttributes (117ms)
				ProcessInitializeOnLoadMethodAttributes (6ms)
				AfterProcessingInitializeOnLoad (5ms)
				EditorAssembliesLoaded (0ms)
			ExecutionOrderSort2 (0ms)
			AwakeInstancesAfterBackupRestoration (2ms)
Platform modules already initialized, skipping
Refreshing native plugins compatible for Editor in 0.52 ms, found 2 plugins.
Preloading 0 native plugins for Editor in 0.00 ms.
Unloading 1329 Unused Serialized files (Serialized files now loaded: 0)
System memory in use before: 69.4 MB.
System memory in use after: 69.5 MB.

Unloading 11 unused Assets to reduce memory usage. Loaded Objects now: 1961.
Total: 2.320100 ms (FindLiveObjects: 0.113100 ms CreateObjectMapping: 0.020100 ms MarkObjects: 2.168000 ms  DeleteObjects: 0.018100 ms)

AssetImportParameters requested are different than current active one (requested -> active):
  custom:framework-win-MediaFoundation: 216162199b28c13a410421893ffa2e32 -> 
  custom:video-decoder-ogg-theora: a1e56fd34408186e4bbccfd4996cb3dc -> 
  custom:container-muxer-webm: aa71ff27fc2769a1b78a27578f13a17b -> 
  custom:container-demuxer-webm: 4f35f7cbe854078d1ac9338744f61a02 -> 
  custom:container-demuxer-ogg: 62fdf1f143b41e24485cea50d1cbac27 -> 
  custom:video-encoder-webm-vp8: eb34c28f22e8b96e1ab97ce403110664 -> 
  custom:video-codec-MediaFoundation-h265: 746d11721c4dcdbdad8f713fa42b33f4 -> 
  custom:video-decoder-webm-vp8: 9c59270c3fd7afecdb556c50c9e8de78 -> 
  custom:audio-decoder-ogg-vorbis: bf7c407c2cedff20999df2af8eb42d56 -> 
  custom:audio-encoder-webm-vorbis: bf7c407c2cedff20999df2af8eb42d56 -> 
========================================================================
Received Import Request.
  Time since last request: 14.167784 seconds.
  path: Assets/Scripts/EnemyHealth.cs
  artifactKey: Guid(7ddb8213776ec2f4a807bb0cc81ddae5) Importer(815301076,1909f56bfc062723c751e8b465ee728b)
Start importing Assets/Scripts/EnemyHealth.cs using Guid(7ddb8213776ec2f4a807bb0cc81ddae5) Importer(815301076,1909f56bfc062723c751e8b465ee728b)  -> (artifact id: '49a5a79a4f7d0d35b5c9bb0c4e6273d8') in 0.004061 seconds 
========================================================================
Received Prepare
Registering precompiled user dll's ...
Registered in 0.001819 seconds.
Begin MonoManager ReloadAssembly
Native extension for WindowsStandalone target not found
Refreshing native plugins compatible for Editor in 0.35 ms, found 2 plugins.
Preloading 0 native plugins for Editor in 0.00 ms.
Mono: successfully reloaded assembly
- Completed reload, in  0.527 seconds
Domain Reload Profiling:
	ReloadAssembly (527ms)
		BeginReloadAssembly (75ms)
			ExecutionOrderSort (0ms)
			DisableScriptedObjects (2ms)
			BackupInstance (0ms)
			ReleaseScriptingObjects (0ms)
			CreateAndSetChildDomain (21ms)
		EndReloadAssembly (417ms)
			LoadAssemblies (53ms)
			RebuildTransferFunctionScriptingTraits (0ms)
			SetupTypeCache (140ms)
			ReleaseScriptCaches (1ms)
			RebuildScriptCaches (22ms)
			SetupLoadedEditorAssemblies (169ms)
				LogAssemblyErrors (0ms)
				InitializePlatformSupportModulesInManaged (3ms)
				SetLoadedEditorAssemblies (0ms)
				RefreshPlugins (0ms)
				BeforeProcessingInitializeOnLoad (43ms)
				ProcessInitializeOnLoadAttributes (114ms)
				ProcessInitializeOnLoadMethodAttributes (5ms)
				AfterProcessingInitializeOnLoad (4ms)
				EditorAssembliesLoaded (0ms)
			ExecutionOrderSort2 (0ms)
			AwakeInstancesAfterBackupRestoration (1ms)
Platform modules already initialized, skipping
Refreshing native plugins compatible for Editor in 0.47 ms, found 2 plugins.
Preloading 0 native plugins for Editor in 0.00 ms.
Unloading 1329 Unused Serialized files (Serialized files now loaded: 0)
System memory in use before: 69.4 MB.
System memory in use after: 69.5 MB.

Unloading 11 unused Assets to reduce memory usage. Loaded Objects now: 1964.
Total: 1.936900 ms (FindLiveObjects: 0.114900 ms CreateObjectMapping: 0.023500 ms MarkObjects: 1.780900 ms  DeleteObjects: 0.017100 ms)

AssetImportParameters requested are different than current active one (requested -> active):
  custom:framework-win-MediaFoundation: 216162199b28c13a410421893ffa2e32 -> 
  custom:video-decoder-ogg-theora: a1e56fd34408186e4bbccfd4996cb3dc -> 
  custom:container-muxer-webm: aa71ff27fc2769a1b78a27578f13a17b -> 
  custom:container-demuxer-webm: 4f35f7cbe854078d1ac9338744f61a02 -> 
  custom:container-demuxer-ogg: 62fdf1f143b41e24485cea50d1cbac27 -> 
  custom:video-encoder-webm-vp8: eb34c28f22e8b96e1ab97ce403110664 -> 
  custom:video-codec-MediaFoundation-h265: 746d11721c4dcdbdad8f713fa42b33f4 -> 
  custom:video-decoder-webm-vp8: 9c59270c3fd7afecdb556c50c9e8de78 -> 
  custom:audio-decoder-ogg-vorbis: bf7c407c2cedff20999df2af8eb42d56 -> 
  custom:audio-encoder-webm-vorbis: bf7c407c2cedff20999df2af8eb42d56 -> 
========================================================================
Received Prepare
Registering precompiled user dll's ...
Registered in 0.001994 seconds.
Begin MonoManager ReloadAssembly
Native extension for WindowsStandalone target not found
Refreshing native plugins compatible for Editor in 0.51 ms, found 2 plugins.
Preloading 0 native plugins for Editor in 0.00 ms.
Mono: successfully reloaded assembly
- Completed reload, in  0.594 seconds
Domain Reload Profiling:
	ReloadAssembly (595ms)
		BeginReloadAssembly (85ms)
			ExecutionOrderSort (0ms)
			DisableScriptedObjects (3ms)
			BackupInstance (0ms)
			ReleaseScriptingObjects (0ms)
			CreateAndSetChildDomain (26ms)
		EndReloadAssembly (471ms)
			LoadAssemblies (58ms)
			RebuildTransferFunctionScriptingTraits (0ms)
			SetupTypeCache (150ms)
			ReleaseScriptCaches (1ms)
			RebuildScriptCaches (26ms)
			SetupLoadedEditorAssemblies (192ms)
				LogAssemblyErrors (0ms)
				InitializePlatformSupportModulesInManaged (3ms)
				SetLoadedEditorAssemblies (0ms)
				RefreshPlugins (1ms)
				BeforeProcessingInitializeOnLoad (50ms)
				ProcessInitializeOnLoadAttributes (128ms)
				ProcessInitializeOnLoadMethodAttributes (5ms)
				AfterProcessingInitializeOnLoad (5ms)
				EditorAssembliesLoaded (0ms)
			ExecutionOrderSort2 (0ms)
			AwakeInstancesAfterBackupRestoration (2ms)
Platform modules already initialized, skipping
Refreshing native plugins compatible for Editor in 0.58 ms, found 2 plugins.
Preloading 0 native plugins for Editor in 0.00 ms.
Unloading 1329 Unused Serialized files (Serialized files now loaded: 0)
System memory in use before: 69.4 MB.
System memory in use after: 69.5 MB.

Unloading 11 unused Assets to reduce memory usage. Loaded Objects now: 1967.
Total: 2.409300 ms (FindLiveObjects: 0.224100 ms CreateObjectMapping: 0.060100 ms MarkObjects: 2.108000 ms  DeleteObjects: 0.016300 ms)

AssetImportParameters requested are different than current active one (requested -> active):
  custom:framework-win-MediaFoundation: 216162199b28c13a410421893ffa2e32 -> 
  custom:video-decoder-ogg-theora: a1e56fd34408186e4bbccfd4996cb3dc -> 
  custom:container-muxer-webm: aa71ff27fc2769a1b78a27578f13a17b -> 
  custom:container-demuxer-webm: 4f35f7cbe854078d1ac9338744f61a02 -> 
  custom:container-demuxer-ogg: 62fdf1f143b41e24485cea50d1cbac27 -> 
  custom:video-encoder-webm-vp8: eb34c28f22e8b96e1ab97ce403110664 -> 
  custom:video-codec-MediaFoundation-h265: 746d11721c4dcdbdad8f713fa42b33f4 -> 
  custom:video-decoder-webm-vp8: 9c59270c3fd7afecdb556c50c9e8de78 -> 
  custom:audio-decoder-ogg-vorbis: bf7c407c2cedff20999df2af8eb42d56 -> 
  custom:audio-encoder-webm-vorbis: bf7c407c2cedff20999df2af8eb42d56 -> 
========================================================================
Received Import Request.
  Time since last request: 136.750246 seconds.
  path: Assets/Scripts/EnemyHealth.cs
  artifactKey: Guid(7ddb8213776ec2f4a807bb0cc81ddae5) Importer(815301076,1909f56bfc062723c751e8b465ee728b)
Start importing Assets/Scripts/EnemyHealth.cs using Guid(7ddb8213776ec2f4a807bb0cc81ddae5) Importer(815301076,1909f56bfc062723c751e8b465ee728b)  -> (artifact id: 'f0860a0d8664bda41687d2064b3f9fa0') in 0.004069 seconds 
========================================================================
Received Prepare
Registering precompiled user dll's ...
Registered in 0.001991 seconds.
Begin MonoManager ReloadAssembly
Native extension for WindowsStandalone target not found
Refreshing native plugins compatible for Editor in 0.43 ms, found 2 plugins.
Preloading 0 native plugins for Editor in 0.00 ms.
Mono: successfully reloaded assembly
- Completed reload, in  0.539 seconds
Domain Reload Profiling:
	ReloadAssembly (539ms)
		BeginReloadAssembly (69ms)
			ExecutionOrderSort (0ms)
			DisableScriptedObjects (2ms)
			BackupInstance (0ms)
			ReleaseScriptingObjects (0ms)
			CreateAndSetChildDomain (20ms)
		EndReloadAssembly (437ms)
			LoadAssemblies (49ms)
			RebuildTransferFunctionScriptingTraits (0ms)
			SetupTypeCache (136ms)
			ReleaseScriptCaches (1ms)
			RebuildScriptCaches (25ms)
			SetupLoadedEditorAssemblies (186ms)
				LogAssemblyErrors (0ms)
				InitializePlatformSupportModulesInManaged (3ms)
				SetLoadedEditorAssemblies (0ms)
				RefreshPlugins (1ms)
				BeforeProcessingInitializeOnLoad (46ms)
				ProcessInitializeOnLoadAttributes (123ms)
				ProcessInitializeOnLoadMethodAttributes (6ms)
				AfterProcessingInitializeOnLoad (6ms)
				EditorAssembliesLoaded (0ms)
			ExecutionOrderSort2 (0ms)
			AwakeInstancesAfterBackupRestoration (1ms)
Platform modules already initialized, skipping
Refreshing native plugins compatible for Editor in 0.52 ms, found 2 plugins.
Preloading 0 native plugins for Editor in 0.00 ms.
Unloading 1329 Unused Serialized files (Serialized files now loaded: 0)
System memory in use before: 69.4 MB.
System memory in use after: 69.5 MB.

Unloading 11 unused Assets to reduce memory usage. Loaded Objects now: 1970.
Total: 2.220900 ms (FindLiveObjects: 0.190800 ms CreateObjectMapping: 0.053400 ms MarkObjects: 1.960900 ms  DeleteObjects: 0.015200 ms)

AssetImportParameters requested are different than current active one (requested -> active):
  custom:framework-win-MediaFoundation: 216162199b28c13a410421893ffa2e32 -> 
  custom:video-decoder-ogg-theora: a1e56fd34408186e4bbccfd4996cb3dc -> 
  custom:container-muxer-webm: aa71ff27fc2769a1b78a27578f13a17b -> 
  custom:container-demuxer-webm: 4f35f7cbe854078d1ac9338744f61a02 -> 
  custom:container-demuxer-ogg: 62fdf1f143b41e24485cea50d1cbac27 -> 
  custom:video-encoder-webm-vp8: eb34c28f22e8b96e1ab97ce403110664 -> 
  custom:video-codec-MediaFoundation-h265: 746d11721c4dcdbdad8f713fa42b33f4 -> 
  custom:video-decoder-webm-vp8: 9c59270c3fd7afecdb556c50c9e8de78 -> 
  custom:audio-decoder-ogg-vorbis: bf7c407c2cedff20999df2af8eb42d56 -> 
  custom:audio-encoder-webm-vorbis: bf7c407c2cedff20999df2af8eb42d56 -> 
========================================================================
Received Prepare
Registering precompiled user dll's ...
Registered in 0.002008 seconds.
Begin MonoManager ReloadAssembly
Native extension for WindowsStandalone target not found
Refreshing native plugins compatible for Editor in 0.34 ms, found 2 plugins.
Preloading 0 native plugins for Editor in 0.00 ms.
Mono: successfully reloaded assembly
- Completed reload, in  0.490 seconds
Domain Reload Profiling:
	ReloadAssembly (490ms)
		BeginReloadAssembly (69ms)
			ExecutionOrderSort (0ms)
			DisableScriptedObjects (2ms)
			BackupInstance (0ms)
			ReleaseScriptingObjects (0ms)
			CreateAndSetChildDomain (19ms)
		EndReloadAssembly (388ms)
			LoadAssemblies (50ms)
			RebuildTransferFunctionScriptingTraits (0ms)
			SetupTypeCache (125ms)
			ReleaseScriptCaches (1ms)
			RebuildScriptCaches (22ms)
			SetupLoadedEditorAssemblies (157ms)
				LogAssemblyErrors (0ms)
				InitializePlatformSupportModulesInManaged (3ms)
				SetLoadedEditorAssemblies (0ms)
				RefreshPlugins (0ms)
				BeforeProcessingInitializeOnLoad (41ms)
				ProcessInitializeOnLoadAttributes (104ms)
				ProcessInitializeOnLoadMethodAttributes (4ms)
				AfterProcessingInitializeOnLoad (4ms)
				EditorAssembliesLoaded (0ms)
			ExecutionOrderSort2 (0ms)
			AwakeInstancesAfterBackupRestoration (1ms)
Platform modules already initialized, skipping
Refreshing native plugins compatible for Editor in 0.50 ms, found 2 plugins.
Preloading 0 native plugins for Editor in 0.00 ms.
Unloading 1329 Unused Serialized files (Serialized files now loaded: 0)
System memory in use before: 69.4 MB.
System memory in use after: 69.5 MB.

Unloading 11 unused Assets to reduce memory usage. Loaded Objects now: 1973.
Total: 2.217500 ms (FindLiveObjects: 0.132400 ms CreateObjectMapping: 0.025200 ms MarkObjects: 2.042100 ms  DeleteObjects: 0.017100 ms)

AssetImportParameters requested are different than current active one (requested -> active):
  custom:framework-win-MediaFoundation: 216162199b28c13a410421893ffa2e32 -> 
  custom:video-decoder-ogg-theora: a1e56fd34408186e4bbccfd4996cb3dc -> 
  custom:container-muxer-webm: aa71ff27fc2769a1b78a27578f13a17b -> 
  custom:container-demuxer-webm: 4f35f7cbe854078d1ac9338744f61a02 -> 
  custom:container-demuxer-ogg: 62fdf1f143b41e24485cea50d1cbac27 -> 
  custom:video-encoder-webm-vp8: eb34c28f22e8b96e1ab97ce403110664 -> 
  custom:video-codec-MediaFoundation-h265: 746d11721c4dcdbdad8f713fa42b33f4 -> 
  custom:video-decoder-webm-vp8: 9c59270c3fd7afecdb556c50c9e8de78 -> 
  custom:audio-decoder-ogg-vorbis: bf7c407c2cedff20999df2af8eb42d56 -> 
  custom:audio-encoder-webm-vorbis: bf7c407c2cedff20999df2af8eb42d56 -> 
AssetImportWorkerClient::OnTransportError - code=2 error=End of file
